Age,Annual_Income,Spending_Score,Visit_Frequency,Average_Basket,Used_Discount,Preferred_Category,Satisfaction_Score
56.0,17871.0,58.0,4.0,114.0,1.0,Fashion,2.0
69.0,54069.0,,3.0,103.8,1.0,Fashion,1.0
46.0,34872.0,4.0,4.0,87.32,0.0,Health,3.0
32.0,,20.0,8.0,139.25,0.0,Home,3.0
,37068.0,10.0,5.0,169.29,0.0,Electronics,2.0
25.0,28369.0,24.0,4.0,185.13,0.0,Home,2.0
38.0,83742.0,99.0,7.0,162.04,0.0,,3.0
56.0,67632.0,26.0,4.0,116.72,0.0,Electronics,5.0
36.0,49840.0,37.0,2.0,168.45,0.0,,4.0
40.0,79598.0,85.0,2.0,156.21,1.0,Fashion,4.0
,51547.0,54.0,3.0,196.8,0.0,Electronics,3.0
28.0,32774.0,21.0,,188.85,0.0,Electronics,4.0
,80462.0,74.0,8.0,151.52,0.0,Fashion,5.0
53.0,60778.0,38.0,6.0,105.14,0.0,Electronics,5.0
57.0,29255.0,46.0,0.0,117.35,0.0,Fashion,1.0
41.0,46193.0,4.0,8.0,122.51,0.0,Leisure,2.0
20.0,32487.0,60.0,5.0,134.24,0.0,Leisure,4.0
39.0,22344.0,57.0,4.0,163.4,1.0,Electronics,5.0
19.0,68523.0,45.0,5.0,185.76,1.0,Electronics,2.0
41.0,88188.0,20.0,7.0,147.44,0.0,Fashion,
61.0,22028.0,,6.0,150.81,1.0,Electronics,
47.0,61259.0,,3.0,157.17,1.0,Health,2.0
55.0,36987.0,4.0,4.0,124.2,0.0,Leisure,2.0
19.0,40257.0,93.0,2.0,103.73,1.0,Electronics,3.0
38.0,38152.0,14.0,4.0,62.23,1.0,Electronics,1.0
50.0,32720.0,,,115.24,0.0,Home,1.0
29.0,50970.0,,9.0,173.66,0.0,Electronics,4.0
39.0,33380.0,80.0,3.0,114.85,0.0,Health,
61.0,55409.0,58.0,,138.11,0.0,Leisure,4.0
42.0,48995.0,55.0,5.0,173.32,1.0,Home,5.0
66.0,45221.0,4.0,4.0,176.03,0.0,Fashion,2.0
44.0,31848.0,24.0,6.0,96.02,1.0,Fashion,5.0
59.0,38464.0,34.0,5.0,199.85,1.0,,3.0
45.0,65107.0,30.0,8.0,206.37,0.0,Fashion,2.0
33.0,60018.0,82.0,5.0,93.51,0.0,Health,4.0
32.0,30448.0,19.0,7.0,108.81,0.0,Electronics,4.0
64.0,51986.0,31.0,4.0,209.55,0.0,Leisure,2.0
68.0,65027.0,60.0,,142.66,0.0,Home,4.0
61.0,16611.0,60.0,,39.01,0.0,Electronics,2.0
69.0,60867.0,19.0,4.0,,0.0,Fashion,1.0
20.0,36747.0,49.0,3.0,137.53,1.0,Fashion,4.0
54.0,61411.0,63.0,2.0,91.85,0.0,Home,2.0
68.0,,83.0,12.0,129.33,0.0,Health,2.0
24.0,13902.0,,5.0,151.62,,Home,4.0
38.0,17449.0,24.0,10.0,223.11,1.0,Leisure,1.0
26.0,50961.0,76.0,6.0,135.48,0.0,Home,4.0
56.0,55194.0,30.0,1.0,203.63,0.0,Fashion,2.0
35.0,31913.0,58.0,6.0,221.44,1.0,Health,1.0
21.0,62771.0,31.0,2.0,221.72,0.0,Health,5.0
42.0,16769.0,100.0,4.0,164.24,0.0,Home,3.0
31.0,48678.0,64.0,5.0,51.84,0.0,Leisure,4.0
67.0,25779.0,19.0,8.0,173.04,1.0,Fashion,2.0
26.0,36963.0,48.0,4.0,202.42,0.0,Electronics,1.0
43.0,50947.0,45.0,2.0,145.95,0.0,Health,1.0
19.0,32791.0,100.0,1.0,237.23,0.0,Home,5.0
37.0,42308.0,94.0,8.0,192.99,,Leisure,4.0
45.0,70125.0,55.0,,178.41,0.0,Leisure,1.0
64.0,38462.0,55.0,4.0,204.32,0.0,Fashion,5.0
24.0,66713.0,97.0,1.0,166.67,1.0,Health,2.0
61.0,27405.0,18.0,9.0,25.36,0.0,Fashion,5.0
25.0,,63.0,4.0,125.04,1.0,Electronics,4.0
64.0,78831.0,92.0,2.0,209.86,1.0,Electronics,5.0
52.0,567.0,47.0,4.0,109.62,,Electronics,1.0
31.0,34062.0,75.0,3.0,138.83,0.0,Leisure,1.0
34.0,61541.0,57.0,8.0,97.76,0.0,Health,3.0
53.0,45939.0,45.0,9.0,239.2,1.0,Fashion,5.0
67.0,57422.0,33.0,4.0,234.07,1.0,Fashion,2.0
57.0,37920.0,17.0,4.0,105.81,0.0,Electronics,4.0
21.0,51731.0,70.0,5.0,157.36,1.0,Health,3.0
19.0,46886.0,4.0,11.0,115.98,0.0,Health,5.0
23.0,73355.0,20.0,8.0,180.75,0.0,Home,2.0
59.0,55088.0,47.0,6.0,175.48,0.0,Health,3.0
21.0,56752.0,91.0,2.0,190.59,1.0,Health,1.0
46.0,41762.0,15.0,8.0,166.6,0.0,Fashion,4.0
35.0,40247.0,70.0,7.0,296.77,0.0,Health,5.0
43.0,41348.0,47.0,6.0,98.6,1.0,Health,2.0
61.0,57889.0,78.0,5.0,64.47,0.0,Fashion,1.0
51.0,41580.0,75.0,3.0,130.35,0.0,Health,3.0
27.0,55795.0,9.0,,71.6,0.0,Fashion,4.0
53.0,91508.0,90.0,3.0,75.38,0.0,Home,3.0
31.0,67422.0,16.0,3.0,99.93,,Leisure,3.0
48.0,43479.0,69.0,7.0,103.89,1.0,Fashion,2.0
65.0,74024.0,61.0,4.0,102.27,0.0,Fashion,1.0
32.0,41838.0,10.0,4.0,175.91,1.0,Health,5.0
25.0,9237.0,50.0,6.0,124.69,0.0,Fashion,2.0
31.0,29838.0,3.0,6.0,141.02,0.0,Electronics,
40.0,12584.0,77.0,3.0,194.71,0.0,Electronics,3.0
57.0,42969.0,94.0,4.0,111.68,0.0,Home,4.0
38.0,50368.0,70.0,6.0,136.77,0.0,Fashion,2.0
33.0,83528.0,81.0,,168.29,0.0,,2.0
62.0,56538.0,51.0,6.0,52.92,0.0,Health,5.0
35.0,45617.0,19.0,6.0,30.75,0.0,Leisure,3.0
,66588.0,42.0,3.0,167.31,0.0,Home,2.0
,,35.0,5.0,174.6,0.0,Health,4.0
43.0,54712.0,46.0,2.0,253.21,1.0,Leisure,5.0
42.0,65417.0,26.0,5.0,157.9,0.0,Health,4.0
62.0,20428.0,69.0,3.0,190.99,0.0,Leisure,3.0
58.0,72875.0,93.0,3.0,140.23,1.0,Electronics,5.0
,56769.0,64.0,5.0,164.86,,Electronics,5.0
32.0,41694.0,37.0,11.0,233.36,0.0,Health,5.0
62.0,62655.0,84.0,7.0,43.8,0.0,Home,1.0
18.0,95413.0,49.0,7.0,170.68,0.0,Fashion,5.0
42.0,53637.0,21.0,4.0,256.78,0.0,Home,4.0
24.0,54964.0,74.0,1.0,164.1,1.0,Home,4.0
26.0,40812.0,,4.0,232.53,1.0,Fashion,3.0
41.0,33003.0,5.0,,118.54,0.0,Electronics,2.0
18.0,66606.0,100.0,4.0,148.4,1.0,Electronics,2.0
61.0,32878.0,70.0,4.0,151.68,0.0,Fashion,1.0
25.0,51431.0,,7.0,,0.0,Leisure,5.0
41.0,40446.0,4.0,6.0,91.59,1.0,,1.0
28.0,59579.0,39.0,8.0,95.16,0.0,Health,3.0
68.0,56673.0,35.0,4.0,191.1,1.0,Electronics,3.0
34.0,70750.0,1.0,3.0,193.61,1.0,Health,2.0
25.0,39799.0,24.0,0.0,166.2,0.0,Fashion,3.0
52.0,44602.0,57.0,4.0,191.21,0.0,Health,5.0
52.0,,100.0,1.0,141.79,0.0,Health,4.0
50.0,41114.0,,4.0,210.1,0.0,Home,3.0
22.0,57546.0,41.0,3.0,150.44,0.0,Fashion,1.0
59.0,65139.0,54.0,5.0,152.89,0.0,Health,5.0
56.0,31556.0,46.0,6.0,136.72,1.0,Electronics,3.0
58.0,67392.0,60.0,6.0,184.22,0.0,Fashion,3.0
45.0,77112.0,60.0,4.0,128.94,0.0,Electronics,5.0
24.0,58268.0,57.0,4.0,198.82,0.0,Leisure,3.0
26.0,87535.0,31.0,5.0,93.39,1.0,Health,4.0
25.0,34524.0,84.0,1.0,95.05,0.0,Fashion,2.0
29.0,25106.0,24.0,9.0,184.37,0.0,Electronics,5.0
51.0,14425.0,89.0,7.0,145.57,1.0,Health,1.0
50.0,79920.0,36.0,5.0,,0.0,Home,3.0
65.0,63087.0,85.0,4.0,194.5,0.0,Electronics,2.0
40.0,48888.0,30.0,5.0,119.64,1.0,Electronics,1.0
41.0,55599.0,24.0,4.0,139.99,0.0,Leisure,1.0
54.0,27490.0,30.0,1.0,219.96,1.0,,4.0
52.0,98915.0,86.0,3.0,226.96,0.0,Leisure,2.0
61.0,52584.0,92.0,7.0,228.62,0.0,Home,5.0
57.0,52187.0,7.0,6.0,135.89,,Electronics,2.0
39.0,64515.0,35.0,10.0,211.54,0.0,Leisure,2.0
44.0,59620.0,55.0,4.0,102.55,,Health,1.0
52.0,54477.0,92.0,5.0,104.65,1.0,Home,4.0
18.0,34190.0,14.0,6.0,32.48,1.0,Electronics,
52.0,59429.0,10.0,6.0,233.64,1.0,Fashion,2.0
,87640.0,80.0,8.0,106.8,0.0,Home,2.0
64.0,76908.0,16.0,4.0,143.67,1.0,,
31.0,81863.0,54.0,3.0,104.48,0.0,Health,1.0
20.0,39775.0,95.0,3.0,184.76,0.0,Home,5.0
18.0,30207.0,89.0,9.0,131.22,1.0,Home,5.0
22.0,47484.0,77.0,7.0,84.76,0.0,Health,4.0
43.0,51114.0,70.0,,172.08,0.0,Health,1.0
31.0,71883.0,,,78.31,0.0,Leisure,4.0
,16150.0,73.0,4.0,108.13,0.0,Electronics,5.0
44.0,80591.0,45.0,6.0,44.66,1.0,Electronics,2.0
26.0,,100.0,9.0,78.8,0.0,Leisure,1.0
32.0,41462.0,56.0,11.0,158.93,0.0,Electronics,1.0
32.0,29757.0,84.0,4.0,51.77,1.0,Home,3.0
43.0,16902.0,82.0,7.0,75.94,0.0,Leisure,2.0
59.0,,57.0,7.0,149.88,0.0,Leisure,
30.0,51466.0,21.0,3.0,122.82,0.0,Electronics,4.0
68.0,24200.0,,7.0,249.6,0.0,Fashion,1.0
49.0,24098.0,,5.0,241.69,0.0,Electronics,4.0
56.0,,,2.0,106.6,1.0,Fashion,2.0
66.0,83380.0,91.0,9.0,177.86,0.0,Leisure,3.0
69.0,44808.0,7.0,6.0,187.46,1.0,Fashion,1.0
49.0,19937.0,70.0,3.0,120.13,1.0,Home,2.0
21.0,45085.0,15.0,6.0,75.22,0.0,Health,3.0
47.0,44545.0,82.0,3.0,149.39,0.0,,5.0
54.0,-3937.0,32.0,2.0,141.36,0.0,Health,2.0
40.0,48914.0,75.0,8.0,128.21,0.0,Home,5.0
56.0,,20.0,4.0,,1.0,,4.0
62.0,63924.0,88.0,5.0,112.46,0.0,Home,5.0
32.0,86979.0,15.0,4.0,92.4,0.0,Health,2.0
60.0,72531.0,48.0,3.0,155.45,0.0,Health,5.0
46.0,44622.0,71.0,4.0,169.3,0.0,Electronics,1.0
53.0,27869.0,21.0,3.0,91.17,0.0,Fashion,2.0
30.0,101467.0,42.0,11.0,196.4,0.0,Health,3.0
49.0,51184.0,,6.0,61.48,0.0,Leisure,5.0
24.0,50278.0,14.0,5.0,121.09,,Electronics,1.0
68.0,49517.0,57.0,5.0,137.1,0.0,Fashion,4.0
39.0,53961.0,37.0,5.0,118.19,1.0,Electronics,4.0
45.0,47112.0,58.0,3.0,121.75,,,5.0
19.0,38526.0,21.0,6.0,243.55,0.0,Home,4.0
59.0,39062.0,82.0,4.0,107.46,0.0,Health,3.0
62.0,49344.0,69.0,5.0,272.06,0.0,Leisure,2.0
23.0,39131.0,3.0,3.0,171.86,1.0,Electronics,1.0
45.0,,87.0,7.0,154.6,0.0,Electronics,5.0
45.0,52128.0,90.0,3.0,173.81,0.0,Electronics,4.0
61.0,44900.0,37.0,6.0,276.5,1.0,Electronics,2.0
61.0,80079.0,88.0,7.0,100.32,1.0,Health,3.0
37.0,-3019.0,49.0,1.0,93.98,0.0,Fashion,4.0
,71830.0,19.0,6.0,112.26,0.0,Health,4.0
28.0,74921.0,89.0,4.0,151.61,1.0,Home,1.0
45.0,8532.0,85.0,2.0,63.71,0.0,Health,3.0
,43146.0,,2.0,151.12,1.0,Health,3.0
56.0,42571.0,61.0,5.0,234.68,1.0,Home,5.0
50.0,21849.0,41.0,5.0,157.57,1.0,Health,1.0
18.0,34443.0,33.0,3.0,135.37,0.0,Fashion,5.0
44.0,27788.0,50.0,5.0,119.09,1.0,Leisure,1.0
69.0,85045.0,68.0,11.0,194.93,0.0,Home,3.0
30.0,68713.0,71.0,2.0,108.71,,Electronics,1.0
58.0,75431.0,86.0,6.0,242.32,0.0,Fashion,1.0
20.0,64433.0,33.0,5.0,246.67,0.0,Leisure,1.0
56.0,27418.0,81.0,3.0,162.84,0.0,Fashion,2.0
23.0,39509.0,24.0,4.0,149.42,0.0,Fashion,2.0
25.0,59787.0,61.0,10.0,201.53,0.0,Electronics,3.0
44.0,25557.0,61.0,,204.74,1.0,Leisure,1.0
26.0,64259.0,98.0,8.0,,0.0,Fashion,3.0
,45193.0,28.0,3.0,123.67,1.0,Electronics,2.0
50.0,42503.0,58.0,5.0,83.88,0.0,Home,1.0
68.0,64219.0,43.0,4.0,170.45,0.0,Electronics,5.0
59.0,58885.0,41.0,11.0,183.33,0.0,Health,2.0
61.0,,39.0,3.0,82.5,0.0,Electronics,2.0
41.0,73186.0,86.0,4.0,127.24,1.0,Electronics,2.0
32.0,28378.0,49.0,3.0,82.64,0.0,Electronics,1.0
49.0,62318.0,17.0,3.0,105.06,0.0,Fashion,4.0
49.0,61862.0,98.0,8.0,177.55,0.0,,5.0
41.0,43809.0,70.0,1.0,113.33,1.0,Electronics,5.0
58.0,56522.0,70.0,5.0,134.96,0.0,Electronics,3.0
69.0,24977.0,98.0,7.0,68.63,0.0,Health,1.0
66.0,68480.0,65.0,3.0,159.35,0.0,Health,2.0
66.0,46301.0,74.0,,,0.0,Home,4.0
69.0,39545.0,85.0,5.0,113.55,0.0,Home,1.0
29.0,70980.0,5.0,7.0,140.55,1.0,Health,1.0
56.0,35913.0,2.0,,159.01,0.0,Leisure,4.0
19.0,21830.0,22.0,7.0,109.26,0.0,Home,2.0
20.0,18867.0,57.0,5.0,76.19,0.0,,1.0
66.0,,66.0,4.0,240.28,0.0,Health,5.0
54.0,24391.0,74.0,5.0,118.34,0.0,Home,5.0
66.0,85095.0,-20.0,11.0,145.16,1.0,Electronics,4.0
34.0,,16.0,7.0,200.54,1.0,Health,2.0
66.0,83929.0,51.0,6.0,326.45,1.0,Home,4.0
19.0,54220.0,39.0,3.0,87.78,,Leisure,1.0
19.0,48065.0,86.0,0.0,172.49,0.0,Leisure,5.0
45.0,39101.0,76.0,10.0,114.62,0.0,Home,3.0
40.0,57982.0,88.0,5.0,123.06,0.0,Leisure,4.0
54.0,49247.0,40.0,5.0,113.99,0.0,Home,3.0
49.0,72066.0,38.0,3.0,93.72,0.0,Home,3.0
50.0,52284.0,60.0,4.0,147.94,0.0,Leisure,5.0
18.0,53006.0,59.0,2.0,76.27,0.0,Fashion,4.0
,42727.0,10.0,2.0,197.34,1.0,Electronics,3.0
19.0,48861.0,99.0,7.0,152.75,1.0,Health,1.0
61.0,56156.0,64.0,3.0,171.12,1.0,Electronics,2.0
43.0,15796.0,63.0,1.0,126.69,0.0,Health,2.0
49.0,23036.0,49.0,3.0,131.64,,Health,5.0
23.0,64865.0,64.0,7.0,164.38,0.0,Electronics,4.0
49.0,53417.0,32.0,5.0,91.8,,Home,4.0
21.0,46320.0,7.0,5.0,132.1,0.0,Leisure,2.0
28.0,50368.0,21.0,4.0,107.02,0.0,Fashion,1.0
34.0,56951.0,20.0,5.0,105.47,0.0,Fashion,2.0
,39204.0,26.0,5.0,44.51,0.0,Fashion,2.0
,34433.0,68.0,3.0,216.97,0.0,Electronics,4.0
22.0,53916.0,86.0,3.0,115.67,0.0,Electronics,3.0
69.0,30432.0,,6.0,208.17,0.0,Home,1.0
51.0,58165.0,85.0,6.0,203.44,0.0,Fashion,
23.0,15948.0,79.0,4.0,85.7,0.0,Home,2.0
39.0,70583.0,86.0,9.0,,0.0,,3.0
28.0,59451.0,92.0,6.0,278.03,0.0,Electronics,1.0
65.0,55120.0,14.0,5.0,237.55,1.0,Leisure,5.0
33.0,69653.0,27.0,5.0,148.42,1.0,Leisure,1.0
50.0,83309.0,40.0,4.0,162.87,0.0,,1.0
26.0,70287.0,58.0,10.0,118.46,0.0,Leisure,2.0
23.0,,28.0,6.0,171.62,0.0,Health,2.0
33.0,24408.0,26.0,2.0,114.14,,Fashion,5.0
46.0,37503.0,63.0,4.0,48.38,0.0,Leisure,5.0
20.0,50521.0,66.0,3.0,83.92,0.0,Health,5.0
37.0,60353.0,25.0,2.0,151.05,0.0,,4.0
53.0,35485.0,3.0,5.0,93.45,0.0,Health,
36.0,53735.0,72.0,6.0,146.64,1.0,,2.0
,34892.0,44.0,5.0,96.27,0.0,Home,2.0
20.0,,97.0,10.0,110.88,1.0,Health,5.0
,21866.0,42.0,5.0,192.66,0.0,Leisure,
37.0,31535.0,99.0,5.0,162.37,0.0,Fashion,3.0
49.0,22966.0,6.0,4.0,149.52,1.0,Electronics,4.0
24.0,30482.0,39.0,4.0,193.95,1.0,Home,2.0
69.0,71072.0,52.0,3.0,174.03,0.0,Leisure,4.0
58.0,,23.0,6.0,222.33,0.0,Leisure,2.0
50.0,102647.0,89.0,4.0,127.01,0.0,Electronics,5.0
57.0,300000.0,,2.0,128.52,0.0,Electronics,5.0
56.0,53696.0,43.0,9.0,84.94,1.0,Leisure,5.0
35.0,32832.0,19.0,5.0,128.55,1.0,Electronics,3.0
57.0,64006.0,69.0,9.0,198.24,0.0,,3.0
18.0,38487.0,51.0,5.0,215.0,0.0,Electronics,2.0
28.0,52440.0,11.0,5.0,198.02,0.0,Electronics,1.0
,101201.0,12.0,1.0,60.29,,Leisure,3.0
42.0,48078.0,74.0,5.0,204.16,1.0,Health,2.0
67.0,72985.0,8.0,8.0,,1.0,Leisure,4.0
40.0,,24.0,6.0,194.91,0.0,Fashion,5.0
48.0,49300.0,,2.0,131.61,0.0,Electronics,5.0
47.0,,41.0,5.0,185.13,0.0,Home,5.0
59.0,37460.0,36.0,5.0,83.38,0.0,,2.0
52.0,86248.0,85.0,4.0,208.56,1.0,,5.0
24.0,,72.0,6.0,76.75,0.0,Home,3.0
33.0,38750.0,55.0,5.0,116.58,0.0,Home,4.0
,62648.0,9.0,6.0,100.1,0.0,Leisure,5.0
65.0,69451.0,,5.0,62.29,1.0,Health,2.0
69.0,62436.0,15.0,4.0,,0.0,Leisure,4.0
66.0,18595.0,48.0,,,1.0,Home,5.0
19.0,35457.0,82.0,5.0,283.35,1.0,Home,1.0
18.0,45049.0,42.0,7.0,154.86,1.0,Health,5.0
65.0,48511.0,60.0,6.0,205.83,,Electronics,3.0
29.0,62413.0,84.0,4.0,161.6,0.0,Health,4.0
22.0,53554.0,70.0,8.0,174.94,0.0,Leisure,3.0
54.0,23293.0,12.0,4.0,132.89,0.0,Electronics,1.0
49.0,57603.0,2.0,3.0,159.75,0.0,Leisure,1.0
26.0,62211.0,7.0,5.0,176.87,0.0,Health,3.0
58.0,61195.0,80.0,10.0,,0.0,Electronics,4.0
52.0,71615.0,3.0,6.0,146.13,1.0,Health,1.0
36.0,66678.0,3.0,4.0,147.08,0.0,Fashion,1.0
65.0,59183.0,27.0,3.0,191.32,0.0,Home,5.0
33.0,48596.0,,3.0,96.7,1.0,Electronics,2.0
20.0,16780.0,33.0,5.0,147.42,1.0,Home,1.0
37.0,58592.0,92.0,2.0,245.6,1.0,Fashion,4.0
41.0,54153.0,1.0,6.0,208.2,1.0,Electronics,4.0
50.0,55431.0,8.0,2.0,217.46,1.0,,5.0
41.0,24465.0,32.0,5.0,151.22,0.0,Home,4.0
69.0,,48.0,,166.05,,Electronics,5.0
28.0,71063.0,,6.0,200.11,0.0,,1.0
66.0,49208.0,94.0,3.0,228.01,0.0,Home,1.0
25.0,63630.0,200.0,5.0,52.42,0.0,Electronics,1.0
53.0,50566.0,19.0,2.0,84.23,0.0,Home,1.0
,50595.0,32.0,6.0,215.47,0.0,Home,2.0
57.0,68765.0,9.0,6.0,136.16,0.0,Leisure,2.0
37.0,39679.0,12.0,7.0,116.41,0.0,Leisure,1.0
52.0,51922.0,11.0,6.0,87.29,1.0,Fashion,4.0
65.0,40754.0,46.0,6.0,122.25,0.0,Leisure,5.0
42.0,41310.0,16.0,4.0,79.88,1.0,Leisure,3.0
52.0,43816.0,1.0,4.0,254.55,0.0,Fashion,5.0
42.0,54442.0,63.0,7.0,148.88,1.0,Home,3.0
46.0,40425.0,,5.0,147.1,1.0,Home,3.0
35.0,75115.0,30.0,5.0,179.4,0.0,Leisure,1.0
63.0,32107.0,13.0,8.0,198.12,0.0,Fashion,3.0
35.0,46262.0,34.0,4.0,197.29,0.0,Home,1.0
19.0,41205.0,4.0,2.0,203.68,1.0,Health,2.0
52.0,78939.0,28.0,3.0,118.46,1.0,Electronics,4.0
33.0,53931.0,95.0,4.0,135.11,,Electronics,3.0
58.0,70636.0,59.0,6.0,188.45,0.0,Electronics,4.0
53.0,20288.0,27.0,9.0,123.63,0.0,Leisure,1.0
50.0,55341.0,69.0,3.0,149.74,,Electronics,3.0
21.0,67792.0,25.0,5.0,169.94,,Electronics,5.0
50.0,51645.0,3.0,3.0,189.26,0.0,Health,2.0
31.0,71309.0,97.0,2.0,61.12,,Home,2.0
38.0,39654.0,68.0,4.0,185.74,1.0,Health,3.0
65.0,78186.0,25.0,9.0,138.31,0.0,Leisure,2.0
37.0,95977.0,20.0,4.0,185.37,0.0,Electronics,5.0
25.0,42743.0,34.0,5.0,,0.0,Home,4.0
24.0,41089.0,26.0,8.0,230.4,1.0,,5.0
20.0,79067.0,5.0,8.0,217.67,0.0,,2.0
34.0,81591.0,99.0,5.0,217.33,0.0,Leisure,4.0
50.0,39542.0,61.0,3.0,222.18,0.0,Electronics,
65.0,41596.0,92.0,9.0,164.57,1.0,Fashion,1.0
29.0,44364.0,93.0,2.0,151.61,1.0,Home,1.0
68.0,23110.0,9.0,8.0,193.64,1.0,Home,4.0
39.0,31626.0,50.0,7.0,186.6,0.0,Fashion,4.0
39.0,29917.0,6.0,6.0,134.55,1.0,Leisure,4.0
,34644.0,83.0,9.0,170.24,0.0,Electronics,1.0
47.0,49306.0,60.0,3.0,148.25,0.0,Electronics,5.0
55.0,54684.0,44.0,6.0,107.3,0.0,Home,4.0
55.0,81010.0,11.0,7.0,214.52,0.0,Leisure,1.0
62.0,30032.0,66.0,7.0,152.76,1.0,Leisure,4.0
68.0,69686.0,,,252.44,0.0,Leisure,4.0
,45720.0,73.0,5.0,68.73,0.0,Electronics,4.0
44.0,49010.0,85.0,1.0,122.16,0.0,Leisure,1.0
44.0,63496.0,88.0,7.0,151.63,0.0,Fashion,5.0
51.0,27545.0,98.0,4.0,206.87,0.0,Health,1.0
38.0,57648.0,86.0,7.0,169.97,0.0,Leisure,1.0
47.0,53329.0,3.0,5.0,165.52,0.0,Health,4.0
50.0,59849.0,76.0,5.0,93.64,0.0,Electronics,3.0
,55783.0,92.0,3.0,92.15,0.0,Leisure,3.0
64.0,99106.0,30.0,5.0,166.13,1.0,Home,3.0
50.0,37245.0,90.0,5.0,81.79,0.0,Electronics,1.0
22.0,39380.0,21.0,4.0,,,Fashion,4.0
65.0,37537.0,28.0,3.0,175.05,1.0,Fashion,3.0
36.0,38890.0,90.0,3.0,,1.0,Health,
21.0,,62.0,5.0,230.27,0.0,Health,2.0
52.0,73780.0,33.0,10.0,,0.0,Home,2.0
66.0,78410.0,85.0,2.0,71.43,,Home,5.0
,38585.0,35.0,5.0,103.38,0.0,Fashion,4.0
61.0,33352.0,52.0,3.0,35.71,0.0,Leisure,1.0
45.0,,34.0,4.0,110.87,0.0,Fashion,
47.0,38955.0,,6.0,188.32,0.0,Fashion,4.0
46.0,62658.0,51.0,,129.31,1.0,Home,
63.0,54058.0,47.0,4.0,173.04,,Health,4.0
23.0,19685.0,82.0,4.0,73.88,0.0,Home,5.0
52.0,80950.0,58.0,5.0,189.9,0.0,Home,3.0
58.0,85917.0,75.0,8.0,122.24,0.0,Home,3.0
54.0,37744.0,57.0,5.0,150.61,0.0,Fashion,5.0
41.0,42245.0,23.0,6.0,,0.0,Leisure,4.0
46.0,55717.0,48.0,3.0,86.42,1.0,Fashion,3.0
66.0,56689.0,22.0,4.0,92.35,0.0,Electronics,4.0
63.0,63170.0,17.0,5.0,198.39,1.0,Home,3.0
48.0,90204.0,69.0,6.0,169.95,0.0,,4.0
52.0,46461.0,11.0,7.0,202.5,0.0,Electronics,4.0
50.0,34034.0,94.0,5.0,,0.0,Home,2.0
69.0,22413.0,15.0,2.0,157.15,0.0,Home,5.0
38.0,35381.0,91.0,6.0,63.7,1.0,Home,1.0
49.0,49337.0,35.0,4.0,136.48,1.0,Electronics,5.0
40.0,85891.0,33.0,2.0,148.63,0.0,Fashion,4.0
50.0,,84.0,4.0,247.66,0.0,Home,4.0
20.0,54475.0,16.0,2.0,184.35,1.0,Leisure,5.0
35.0,49671.0,34.0,3.0,226.8,0.0,Electronics,4.0
42.0,73767.0,66.0,4.0,179.88,0.0,Health,3.0
59.0,100538.0,99.0,7.0,114.43,1.0,Electronics,4.0
48.0,39382.0,40.0,5.0,155.86,0.0,Fashion,5.0
20.0,40211.0,28.0,5.0,161.81,1.0,Electronics,5.0
57.0,70883.0,47.0,7.0,103.04,,,5.0
63.0,63637.0,39.0,9.0,130.78,1.0,Leisure,2.0
41.0,86934.0,70.0,7.0,139.71,0.0,Health,2.0
67.0,61678.0,,6.0,230.28,0.0,Electronics,2.0
49.0,42814.0,20.0,6.0,45.96,0.0,Health,2.0
64.0,61813.0,1.0,9.0,210.29,0.0,Electronics,2.0
39.0,72174.0,72.0,2.0,103.16,0.0,Leisure,2.0
40.0,66409.0,87.0,3.0,,0.0,Leisure,2.0
19.0,60145.0,63.0,9.0,209.0,0.0,Fashion,5.0
44.0,71333.0,67.0,3.0,186.59,1.0,,1.0
59.0,73385.0,4.0,8.0,212.73,0.0,Home,2.0
19.0,77643.0,58.0,5.0,190.04,,Health,5.0
43.0,62974.0,25.0,4.0,252.99,0.0,Health,1.0
34.0,46657.0,47.0,9.0,177.94,0.0,Electronics,
57.0,,38.0,2.0,142.18,0.0,Leisure,1.0
50.0,,15.0,5.0,167.15,0.0,Fashion,1.0
,33661.0,63.0,10.0,212.17,1.0,Fashion,3.0
60.0,57373.0,21.0,5.0,111.03,0.0,Fashion,4.0
,42133.0,99.0,4.0,117.41,0.0,Home,3.0
56.0,50574.0,57.0,7.0,134.55,1.0,Leisure,1.0
46.0,75569.0,53.0,,44.77,1.0,Fashion,5.0
59.0,53821.0,46.0,6.0,156.9,0.0,Home,2.0
43.0,50928.0,14.0,3.0,55.69,1.0,Health,4.0
52.0,22802.0,100.0,3.0,152.65,0.0,Electronics,2.0
67.0,64925.0,76.0,4.0,193.26,1.0,Leisure,5.0
42.0,62909.0,17.0,1.0,126.16,0.0,Leisure,4.0
41.0,93265.0,39.0,2.0,233.86,0.0,Health,3.0
30.0,43844.0,9.0,4.0,76.97,1.0,Leisure,1.0
,54383.0,99.0,5.0,209.56,0.0,Leisure,5.0
53.0,54987.0,77.0,8.0,183.76,0.0,Leisure,1.0
62.0,81549.0,79.0,7.0,64.2,0.0,Leisure,1.0
,,82.0,7.0,285.54,0.0,Home,2.0
18.0,55580.0,97.0,2.0,146.81,0.0,Home,5.0
25.0,62157.0,6.0,6.0,106.13,0.0,Electronics,1.0
63.0,53732.0,91.0,8.0,79.65,0.0,Leisure,3.0
33.0,41071.0,23.0,6.0,139.0,0.0,Health,4.0
31.0,53881.0,59.0,4.0,143.63,0.0,Fashion,5.0
29.0,71472.0,91.0,4.0,155.13,0.0,Electronics,2.0
68.0,29469.0,98.0,4.0,135.11,0.0,Fashion,5.0
40.0,52659.0,46.0,1.0,181.66,1.0,Fashion,2.0
32.0,35997.0,38.0,6.0,130.62,0.0,Leisure,4.0
45.0,73900.0,,8.0,53.25,0.0,Health,3.0
51.0,19536.0,100.0,,142.53,1.0,Fashion,1.0
19.0,38821.0,72.0,7.0,31.63,1.0,Fashion,5.0
49.0,57544.0,62.0,6.0,167.69,0.0,Electronics,2.0
40.0,81310.0,35.0,6.0,101.03,1.0,Health,4.0
39.0,48684.0,19.0,4.0,158.17,0.0,Health,1.0
68.0,38896.0,30.0,3.0,215.7,1.0,Fashion,4.0
42.0,87623.0,78.0,6.0,102.56,0.0,Health,3.0
39.0,21039.0,,3.0,,0.0,Electronics,1.0
39.0,6023.0,25.0,10.0,128.33,0.0,Electronics,1.0
66.0,58800.0,40.0,5.0,237.66,1.0,Electronics,1.0
69.0,39958.0,88.0,6.0,131.74,0.0,Leisure,2.0
59.0,29575.0,14.0,6.0,107.98,0.0,Fashion,1.0
23.0,64167.0,26.0,4.0,184.36,0.0,Health,4.0
32.0,54876.0,87.0,6.0,128.21,,Electronics,2.0
60.0,38718.0,22.0,5.0,107.93,1.0,Fashion,1.0
54.0,24393.0,48.0,3.0,126.11,0.0,Fashion,4.0
50.0,67449.0,83.0,2.0,147.77,,Leisure,4.0
25.0,63004.0,51.0,3.0,217.11,0.0,Health,
61.0,48016.0,3.0,2.0,53.3,0.0,Health,4.0
61.0,,42.0,8.0,151.15,,Electronics,3.0
22.0,28598.0,19.0,7.0,181.25,0.0,Electronics,1.0
56.0,19489.0,73.0,4.0,159.67,0.0,Fashion,1.0
21.0,36161.0,28.0,3.0,215.49,0.0,Health,1.0
23.0,49088.0,84.0,3.0,146.28,0.0,Health,
62.0,54866.0,45.0,6.0,140.77,0.0,Electronics,4.0
49.0,45175.0,71.0,5.0,179.62,0.0,Home,1.0
69.0,57041.0,78.0,1.0,154.97,0.0,Fashion,2.0
47.0,24969.0,63.0,8.0,130.48,0.0,Health,2.0
,78875.0,73.0,9.0,175.81,0.0,Leisure,3.0
52.0,48356.0,19.0,4.0,117.37,0.0,Leisure,5.0
57.0,72345.0,47.0,7.0,119.44,0.0,Home,3.0
69.0,56854.0,14.0,3.0,123.6,1.0,Electronics,1.0
33.0,59135.0,38.0,7.0,217.65,0.0,,1.0
30.0,61395.0,53.0,,-11.05,0.0,Electronics,1.0
67.0,58954.0,61.0,6.0,169.78,1.0,Leisure,5.0
59.0,62854.0,36.0,8.0,151.71,,Electronics,4.0
,76583.0,40.0,2.0,65.96,0.0,Leisure,5.0
36.0,,81.0,4.0,165.49,0.0,Home,3.0
,64180.0,30.0,9.0,173.79,0.0,Fashion,
,48205.0,9.0,4.0,179.48,0.0,Health,4.0
45.0,78802.0,64.0,4.0,17.41,0.0,Home,3.0
43.0,36472.0,33.0,3.0,218.32,1.0,Leisure,4.0
54.0,86018.0,52.0,4.0,113.11,1.0,Home,2.0
43.0,49196.0,,4.0,184.33,0.0,Health,
40.0,21384.0,14.0,6.0,187.05,0.0,Fashion,3.0
26.0,52562.0,75.0,7.0,106.17,0.0,Health,
29.0,36378.0,53.0,3.0,183.02,0.0,Leisure,5.0
18.0,66812.0,99.0,6.0,130.73,0.0,,5.0
18.0,36947.0,59.0,8.0,46.43,1.0,Home,5.0
64.0,41076.0,78.0,7.0,208.39,0.0,Electronics,4.0
51.0,12209.0,94.0,3.0,111.25,1.0,Home,2.0
49.0,40953.0,41.0,4.0,107.28,1.0,Leisure,3.0
65.0,1522.0,68.0,6.0,129.85,1.0,Fashion,3.0
42.0,18321.0,68.0,8.0,163.61,0.0,Health,3.0
57.0,65208.0,92.0,3.0,147.14,0.0,Fashion,4.0
62.0,65716.0,8.0,4.0,177.4,0.0,Leisure,4.0
18.0,58509.0,,3.0,83.03,0.0,Health,5.0
33.0,,86.0,8.0,112.88,0.0,Home,4.0
56.0,49045.0,41.0,1.0,144.2,0.0,Home,5.0
22.0,49927.0,55.0,3.0,244.89,0.0,Leisure,5.0
39.0,26832.0,16.0,7.0,144.31,0.0,Health,3.0
46.0,80067.0,93.0,5.0,,1.0,Home,4.0
,67547.0,62.0,9.0,151.93,0.0,Leisure,5.0
,45580.0,48.0,5.0,125.82,0.0,Leisure,2.0
43.0,50537.0,30.0,4.0,137.66,0.0,Fashion,2.0
33.0,54167.0,12.0,,141.58,,Home,4.0
68.0,9165.0,35.0,7.0,180.18,0.0,Health,3.0
54.0,45056.0,11.0,3.0,218.73,0.0,Home,3.0
39.0,36360.0,64.0,6.0,167.98,0.0,Home,5.0
46.0,29967.0,50.0,7.0,209.35,1.0,Home,4.0
31.0,44377.0,85.0,,,1.0,Leisure,2.0
,85953.0,21.0,4.0,,0.0,Electronics,5.0
22.0,62816.0,69.0,4.0,113.78,0.0,Electronics,5.0
64.0,38576.0,48.0,3.0,165.72,0.0,Fashion,1.0
66.0,61451.0,20.0,4.0,132.05,0.0,,4.0
47.0,77987.0,67.0,2.0,186.49,0.0,Electronics,5.0
63.0,68492.0,44.0,7.0,103.45,1.0,Fashion,2.0
,51192.0,33.0,6.0,152.15,1.0,,1.0
22.0,37061.0,73.0,7.0,184.34,0.0,Home,2.0
29.0,63964.0,61.0,5.0,46.73,0.0,Health,3.0
33.0,57869.0,9.0,4.0,256.08,0.0,Leisure,1.0
43.0,67903.0,68.0,5.0,135.84,1.0,Fashion,1.0
43.0,62703.0,35.0,4.0,48.75,1.0,Leisure,5.0
65.0,70991.0,81.0,7.0,157.9,0.0,Health,3.0
38.0,39295.0,,5.0,151.67,0.0,Leisure,5.0
56.0,76347.0,88.0,6.0,145.91,0.0,Fashion,4.0
53.0,53951.0,96.0,5.0,199.56,0.0,Health,2.0
50.0,91505.0,65.0,2.0,187.37,1.0,Health,2.0
47.0,36216.0,8.0,4.0,164.89,0.0,Leisure,5.0
54.0,84719.0,45.0,4.0,172.51,1.0,Health,
40.0,53958.0,87.0,6.0,144.78,0.0,Leisure,2.0
27.0,36971.0,47.0,11.0,238.77,1.0,Home,4.0
,40322.0,40.0,,76.04,0.0,Health,3.0
53.0,43593.0,76.0,8.0,156.98,1.0,Leisure,1.0
51.0,58483.0,54.0,5.0,153.25,0.0,Home,5.0
69.0,60456.0,76.0,3.0,190.66,0.0,Health,5.0
48.0,38525.0,46.0,5.0,107.81,0.0,Home,4.0
27.0,,47.0,1.0,62.82,0.0,Health,4.0
36.0,92845.0,15.0,8.0,157.84,0.0,Fashion,1.0
49.0,84550.0,19.0,6.0,164.06,0.0,Fashion,3.0
18.0,58726.0,26.0,4.0,224.48,1.0,Leisure,5.0
22.0,50760.0,52.0,7.0,86.48,0.0,Electronics,4.0
62.0,52400.0,93.0,,207.73,1.0,Fashion,5.0
21.0,62270.0,22.0,7.0,268.37,1.0,Electronics,2.0
33.0,29544.0,21.0,3.0,131.11,0.0,,5.0
41.0,44852.0,51.0,9.0,85.45,0.0,Home,3.0
33.0,16628.0,38.0,4.0,129.65,0.0,Electronics,3.0
19.0,57984.0,20.0,2.0,150.7,0.0,Leisure,5.0
66.0,62943.0,,4.0,178.19,0.0,Health,2.0
45.0,40336.0,51.0,6.0,120.43,1.0,Electronics,3.0
49.0,81479.0,4.0,2.0,227.76,0.0,Electronics,4.0
44.0,25484.0,55.0,1.0,94.27,0.0,Electronics,5.0
37.0,20712.0,71.0,7.0,63.04,0.0,Electronics,2.0
41.0,54489.0,92.0,7.0,205.34,1.0,Electronics,4.0
29.0,70941.0,28.0,6.0,36.27,0.0,Leisure,5.0
67.0,83678.0,4.0,8.0,139.79,0.0,Fashion,2.0
52.0,,22.0,7.0,305.88,0.0,Health,4.0
50.0,,76.0,5.0,149.4,0.0,Fashion,3.0
50.0,49229.0,45.0,6.0,93.96,1.0,Electronics,5.0
68.0,46547.0,67.0,6.0,147.13,1.0,Fashion,
60.0,67673.0,86.0,7.0,147.46,0.0,Leisure,3.0
54.0,63046.0,66.0,,158.03,0.0,Home,1.0
29.0,18472.0,88.0,3.0,183.11,0.0,Fashion,4.0
20.0,79530.0,34.0,3.0,,0.0,Health,3.0
18.0,77601.0,91.0,1.0,234.38,0.0,Leisure,5.0
50.0,37488.0,55.0,5.0,162.26,0.0,Home,4.0
57.0,57916.0,1.0,3.0,186.34,0.0,Leisure,4.0
27.0,59880.0,72.0,9.0,,1.0,Electronics,1.0
60.0,55213.0,87.0,8.0,214.32,0.0,Home,5.0
61.0,38993.0,38.0,,137.15,1.0,Health,2.0
46.0,36567.0,6.0,2.0,163.88,0.0,Home,1.0
30.0,49488.0,86.0,3.0,103.34,0.0,Health,
29.0,,25.0,2.0,100.15,1.0,Electronics,
48.0,60872.0,,,184.41,0.0,Health,2.0
63.0,42587.0,17.0,4.0,127.82,0.0,Leisure,1.0
19.0,65433.0,61.0,5.0,107.31,0.0,Fashion,4.0
68.0,-6970.0,12.0,8.0,117.84,0.0,Leisure,3.0
67.0,72975.0,6.0,6.0,184.95,1.0,Leisure,3.0
52.0,15205.0,90.0,3.0,118.55,1.0,Home,1.0
,42751.0,27.0,5.0,144.12,0.0,Electronics,4.0
34.0,27606.0,,6.0,150.75,,Fashion,2.0
43.0,24106.0,83.0,3.0,54.13,0.0,Health,1.0
25.0,73216.0,65.0,8.0,76.44,0.0,Home,5.0
46.0,,57.0,8.0,166.81,,Electronics,4.0
43.0,56930.0,93.0,5.0,113.15,0.0,Fashion,5.0
27.0,49061.0,99.0,4.0,202.84,0.0,Leisure,5.0
43.0,59540.0,40.0,,198.34,,Electronics,1.0
51.0,51536.0,14.0,6.0,185.96,0.0,Electronics,4.0
68.0,24340.0,35.0,5.0,240.99,0.0,Electronics,5.0
58.0,69925.0,48.0,6.0,145.85,0.0,Leisure,4.0
24.0,40124.0,84.0,7.0,182.44,1.0,Health,3.0
21.0,18868.0,56.0,3.0,120.78,1.0,Home,5.0
67.0,41437.0,49.0,9.0,272.62,0.0,Health,5.0
62.0,,13.0,2.0,249.18,0.0,Fashion,
28.0,67004.0,61.0,0.0,150.59,1.0,Home,3.0
46.0,43026.0,49.0,6.0,169.33,1.0,Fashion,5.0
53.0,43014.0,46.0,4.0,217.96,1.0,Leisure,1.0
42.0,,62.0,6.0,142.64,0.0,Health,4.0
38.0,91534.0,8.0,4.0,117.17,,Electronics,4.0
53.0,57638.0,43.0,5.0,193.7,0.0,Home,5.0
27.0,58600.0,20.0,2.0,153.92,1.0,Electronics,3.0
54.0,70605.0,97.0,5.0,159.15,1.0,,5.0
26.0,54775.0,90.0,4.0,,0.0,Electronics,2.0
41.0,44819.0,39.0,,64.12,1.0,Electronics,5.0
52.0,46073.0,,5.0,161.81,0.0,Leisure,2.0
66.0,48567.0,49.0,3.0,195.25,1.0,Leisure,1.0
52.0,49255.0,64.0,3.0,138.71,0.0,Health,4.0
65.0,64552.0,62.0,4.0,221.82,1.0,Fashion,4.0
53.0,51038.0,54.0,8.0,114.8,0.0,Leisure,3.0
35.0,64652.0,9.0,5.0,97.26,1.0,Leisure,5.0
66.0,48385.0,88.0,4.0,146.64,0.0,Health,1.0
56.0,51572.0,37.0,4.0,145.87,0.0,Home,2.0
49.0,10035.0,49.0,,188.5,,Health,3.0
41.0,68326.0,41.0,4.0,111.25,1.0,Electronics,1.0
,56929.0,17.0,7.0,218.4,0.0,Electronics,1.0
49.0,69960.0,88.0,8.0,248.35,0.0,Leisure,2.0
54.0,-7925.0,21.0,7.0,,0.0,Leisure,2.0
29.0,91767.0,51.0,3.0,212.49,1.0,Health,4.0
66.0,47208.0,,6.0,97.18,0.0,Health,5.0
30.0,72163.0,39.0,6.0,203.76,0.0,Fashion,
40.0,29201.0,55.0,4.0,202.36,0.0,Electronics,5.0
42.0,62255.0,41.0,6.0,193.17,0.0,Health,3.0
52.0,,39.0,9.0,149.22,0.0,Home,1.0
58.0,37524.0,13.0,6.0,2.29,0.0,Fashion,2.0
,,64.0,4.0,117.91,1.0,Health,2.0
34.0,46186.0,11.0,6.0,118.7,,Leisure,1.0
66.0,54348.0,19.0,7.0,101.09,0.0,Health,1.0
37.0,67401.0,11.0,4.0,156.11,0.0,Leisure,3.0
65.0,59913.0,77.0,3.0,129.05,0.0,Leisure,1.0
42.0,53008.0,,4.0,108.77,0.0,Electronics,3.0
39.0,57299.0,45.0,5.0,97.06,1.0,Electronics,5.0
30.0,98068.0,1.0,3.0,114.22,0.0,Health,2.0
36.0,48847.0,,,206.07,0.0,Health,2.0
66.0,54021.0,19.0,3.0,116.95,0.0,Home,2.0
53.0,71013.0,76.0,5.0,124.25,1.0,Fashion,5.0
29.0,72110.0,72.0,5.0,127.17,0.0,Fashion,5.0
58.0,73740.0,72.0,5.0,166.95,0.0,Health,4.0
36.0,62774.0,61.0,6.0,172.81,0.0,Electronics,3.0
29.0,,12.0,6.0,,1.0,Home,3.0
26.0,82668.0,61.0,6.0,201.08,1.0,Fashion,4.0
24.0,27073.0,33.0,5.0,,0.0,,2.0
45.0,56052.0,45.0,7.0,97.49,0.0,Electronics,3.0
31.0,34914.0,90.0,3.0,,1.0,Electronics,3.0
48.0,48717.0,,5.0,127.49,0.0,Electronics,2.0
69.0,56575.0,69.0,7.0,112.2,0.0,Leisure,1.0
36.0,56427.0,8.0,2.0,161.2,0.0,Electronics,
64.0,58438.0,25.0,8.0,52.67,0.0,Health,4.0
33.0,82274.0,91.0,4.0,94.1,0.0,Home,
22.0,59070.0,46.0,2.0,226.96,1.0,Health,
52.0,45116.0,87.0,5.0,103.59,0.0,,3.0
29.0,69281.0,30.0,5.0,,0.0,Home,4.0
42.0,73789.0,47.0,4.0,167.77,1.0,Fashion,
69.0,25447.0,87.0,6.0,,0.0,Fashion,3.0
38.0,61948.0,49.0,8.0,181.77,0.0,Health,2.0
53.0,64023.0,47.0,4.0,,0.0,Home,2.0
40.0,44048.0,84.0,3.0,127.23,1.0,Health,5.0
33.0,77514.0,82.0,6.0,162.25,1.0,Home,3.0
56.0,46998.0,18.0,4.0,173.73,1.0,Home,3.0
62.0,52511.0,66.0,2.0,185.38,1.0,Health,3.0
59.0,46538.0,68.0,3.0,208.91,0.0,Home,3.0
56.0,5.0,94.0,1.0,170.41,,,
31.0,28074.0,33.0,9.0,81.22,1.0,,
48.0,21198.0,36.0,5.0,126.32,0.0,Home,3.0
22.0,81890.0,82.0,3.0,297.15,0.0,Health,1.0
52.0,33060.0,19.0,4.0,186.22,0.0,Fashion,2.0
40.0,30172.0,28.0,3.0,268.46,0.0,Leisure,5.0
46.0,6932.0,40.0,4.0,219.77,1.0,Home,2.0
60.0,37220.0,84.0,6.0,162.09,0.0,Leisure,3.0
28.0,23538.0,97.0,4.0,165.07,0.0,Home,2.0
35.0,82840.0,76.0,2.0,148.17,1.0,Health,4.0
64.0,70196.0,15.0,6.0,63.11,0.0,Health,1.0
29.0,36236.0,41.0,3.0,150.9,0.0,Home,3.0
26.0,95048.0,39.0,6.0,210.53,0.0,Health,4.0
27.0,69635.0,2.0,2.0,120.02,1.0,Health,1.0
61.0,43503.0,63.0,8.0,170.6,1.0,Home,4.0
34.0,11.0,29.0,3.0,192.58,1.0,Fashion,2.0
,95818.0,74.0,6.0,104.52,1.0,Home,
24.0,22208.0,66.0,4.0,127.43,0.0,Fashion,2.0
63.0,17092.0,51.0,5.0,99.1,1.0,Health,5.0
30.0,70451.0,75.0,6.0,108.89,1.0,Fashion,3.0
57.0,98795.0,77.0,1.0,85.62,0.0,Health,2.0
59.0,77685.0,10.0,5.0,104.98,0.0,Fashion,3.0
26.0,61278.0,14.0,7.0,220.97,1.0,Fashion,
67.0,61895.0,82.0,6.0,104.23,1.0,Home,3.0
44.0,67068.0,51.0,6.0,156.32,1.0,Fashion,3.0
19.0,65178.0,73.0,7.0,124.86,1.0,Health,1.0
22.0,55623.0,39.0,4.0,,0.0,Home,2.0
46.0,52084.0,28.0,3.0,215.56,0.0,Fashion,
54.0,48748.0,3.0,8.0,193.2,0.0,Home,4.0
55.0,34920.0,84.0,4.0,165.31,0.0,Leisure,3.0
36.0,44386.0,70.0,5.0,138.45,1.0,Home,2.0
25.0,16140.0,27.0,5.0,90.41,0.0,Leisure,1.0
65.0,48033.0,2.0,3.0,247.18,0.0,Leisure,2.0
62.0,30228.0,93.0,9.0,112.02,0.0,Home,5.0
18.0,27928.0,38.0,8.0,183.18,0.0,Health,3.0
39.0,53597.0,3.0,6.0,202.98,0.0,Health,3.0
69.0,,16.0,3.0,122.24,0.0,Health,1.0
34.0,68366.0,94.0,5.0,201.9,0.0,Electronics,3.0
24.0,18589.0,40.0,5.0,188.21,0.0,Leisure,4.0
42.0,30207.0,2.0,5.0,236.4,1.0,Home,4.0
62.0,68815.0,81.0,3.0,126.53,0.0,Health,2.0
21.0,,41.0,7.0,,0.0,Health,1.0
53.0,45507.0,12.0,3.0,124.73,0.0,Home,5.0
23.0,61001.0,35.0,0.0,160.44,0.0,Leisure,2.0
48.0,30633.0,65.0,6.0,152.91,0.0,Home,1.0
36.0,52107.0,55.0,6.0,130.33,1.0,Electronics,1.0
61.0,,,4.0,54.54,1.0,Electronics,2.0
56.0,37972.0,79.0,5.0,173.52,0.0,Home,2.0
44.0,56395.0,90.0,9.0,248.62,0.0,Leisure,
27.0,18140.0,85.0,5.0,173.21,,Health,
43.0,58809.0,62.0,4.0,180.46,1.0,Electronics,4.0
36.0,49607.0,49.0,3.0,178.62,0.0,Electronics,3.0
56.0,61049.0,95.0,6.0,169.85,0.0,Leisure,1.0
20.0,54478.0,25.0,2.0,196.58,0.0,Electronics,5.0
62.0,77282.0,23.0,6.0,169.77,0.0,Electronics,5.0
30.0,52504.0,24.0,6.0,134.37,0.0,Leisure,2.0
67.0,10.0,38.0,6.0,110.2,0.0,,5.0
45.0,52445.0,28.0,5.0,137.55,0.0,Health,5.0
37.0,60865.0,21.0,3.0,165.71,0.0,Health,1.0
45.0,50977.0,54.0,4.0,134.2,1.0,Electronics,3.0
25.0,50811.0,18.0,4.0,165.72,1.0,Health,5.0
58.0,35960.0,36.0,5.0,171.96,,Home,2.0
56.0,36741.0,99.0,4.0,191.66,1.0,Electronics,3.0
18.0,21947.0,45.0,4.0,214.14,0.0,Health,2.0
20.0,84991.0,73.0,5.0,153.9,1.0,Fashion,5.0
30.0,25122.0,53.0,5.0,84.61,0.0,Fashion,3.0
45.0,36141.0,30.0,5.0,132.74,0.0,Fashion,5.0
66.0,35631.0,60.0,7.0,152.2,0.0,Fashion,1.0
42.0,67898.0,98.0,3.0,58.21,0.0,Fashion,3.0
50.0,44101.0,32.0,2.0,219.43,1.0,Electronics,2.0
55.0,74954.0,67.0,4.0,157.12,0.0,Leisure,1.0
23.0,36530.0,150.0,4.0,169.07,0.0,,4.0
61.0,55579.0,28.0,6.0,218.28,0.0,Electronics,2.0
62.0,33293.0,44.0,3.0,118.49,0.0,Electronics,5.0
49.0,92902.0,79.0,5.0,178.7,0.0,Home,2.0
62.0,26248.0,41.0,5.0,144.51,0.0,Leisure,4.0
64.0,56196.0,,5.0,140.8,1.0,Fashion,2.0
38.0,62675.0,,5.0,111.39,1.0,Electronics,1.0
33.0,58275.0,75.0,3.0,233.28,1.0,Fashion,2.0
38.0,46294.0,48.0,10.0,131.22,0.0,Leisure,3.0
28.0,47403.0,32.0,5.0,,1.0,,4.0
54.0,,57.0,,56.25,0.0,Health,2.0
53.0,47059.0,100.0,4.0,209.0,0.0,Electronics,4.0
52.0,,33.0,7.0,202.61,0.0,Home,1.0
36.0,94210.0,24.0,3.0,154.87,1.0,Fashion,3.0
37.0,38850.0,39.0,,138.65,1.0,Electronics,5.0
35.0,22603.0,34.0,,,1.0,Home,2.0
64.0,,56.0,4.0,,1.0,Fashion,1.0
58.0,101594.0,28.0,4.0,61.84,1.0,Leisure,4.0
66.0,33926.0,37.0,4.0,189.1,1.0,Health,4.0
31.0,82782.0,7.0,8.0,104.42,0.0,Home,1.0
32.0,83554.0,68.0,5.0,149.0,0.0,Fashion,2.0
48.0,38928.0,37.0,8.0,137.61,0.0,Electronics,5.0
18.0,61379.0,56.0,5.0,128.58,0.0,Fashion,2.0
20.0,82567.0,65.0,7.0,149.48,,Electronics,3.0
33.0,42417.0,65.0,8.0,93.29,0.0,Health,2.0
40.0,,47.0,3.0,201.46,0.0,Health,3.0
28.0,38366.0,20.0,4.0,60.29,1.0,Fashion,4.0
29.0,29704.0,19.0,6.0,176.99,1.0,Fashion,3.0
27.0,37014.0,29.0,4.0,133.67,0.0,Electronics,5.0
49.0,25521.0,74.0,4.0,,0.0,Electronics,1.0
33.0,50681.0,60.0,6.0,160.12,,Home,3.0
25.0,34600.0,18.0,2.0,72.15,0.0,Home,
55.0,54675.0,92.0,4.0,151.99,1.0,Home,3.0
29.0,18882.0,35.0,2.0,78.86,0.0,Fashion,4.0
41.0,56617.0,43.0,8.0,173.06,0.0,,3.0
45.0,66670.0,95.0,7.0,103.78,1.0,Fashion,5.0
25.0,10125.0,91.0,2.0,127.45,1.0,Health,3.0
45.0,57481.0,11.0,5.0,164.7,0.0,Leisure,5.0
53.0,74553.0,49.0,6.0,111.37,1.0,Health,2.0
,25807.0,38.0,7.0,147.1,0.0,Fashion,4.0
25.0,200000.0,64.0,7.0,74.31,0.0,Fashion,1.0
67.0,58380.0,69.0,7.0,181.54,0.0,Leisure,2.0
45.0,35899.0,8.0,6.0,,0.0,Electronics,2.0
45.0,48884.0,34.0,5.0,289.61,0.0,Electronics,1.0
54.0,61166.0,48.0,5.0,,0.0,,3.0
58.0,51520.0,56.0,8.0,189.41,0.0,Home,3.0
53.0,60775.0,76.0,7.0,60.97,1.0,Electronics,
44.0,31586.0,65.0,4.0,225.14,0.0,,4.0
34.0,53387.0,31.0,5.0,188.81,0.0,Home,2.0
,21725.0,4.0,8.0,125.8,1.0,Electronics,5.0
50.0,47775.0,50.0,5.0,211.86,0.0,Electronics,1.0
37.0,31921.0,69.0,2.0,137.28,1.0,Leisure,2.0
30.0,35289.0,30.0,3.0,127.1,0.0,Leisure,3.0
45.0,74721.0,88.0,7.0,173.77,0.0,Home,1.0
65.0,71826.0,59.0,3.0,,0.0,Leisure,5.0
46.0,62182.0,67.0,,201.08,0.0,Home,2.0
30.0,28153.0,75.0,1.0,97.2,0.0,Fashion,2.0
63.0,43671.0,45.0,5.0,97.5,0.0,Home,
52.0,74261.0,4.0,3.0,104.52,0.0,Home,2.0
23.0,52834.0,26.0,5.0,187.98,0.0,Leisure,2.0
,96386.0,27.0,5.0,119.16,0.0,Fashion,5.0
68.0,57866.0,46.0,2.0,82.6,0.0,Health,5.0
22.0,53840.0,64.0,7.0,119.72,,Health,1.0
64.0,43817.0,91.0,2.0,148.4,0.0,Health,3.0
42.0,52670.0,51.0,4.0,,,Fashion,5.0
19.0,46950.0,50.0,5.0,92.42,0.0,Electronics,1.0
27.0,64162.0,6.0,4.0,255.56,1.0,Fashion,2.0
47.0,69134.0,59.0,4.0,106.97,0.0,Leisure,1.0
67.0,34280.0,15.0,5.0,133.85,1.0,Home,1.0
62.0,23375.0,30.0,4.0,131.64,0.0,Home,1.0
22.0,13275.0,42.0,,128.93,0.0,Leisure,1.0
50.0,,37.0,5.0,181.07,,Leisure,5.0
18.0,27932.0,42.0,7.0,197.41,1.0,Home,3.0
35.0,6942.0,35.0,6.0,,0.0,Electronics,1.0
49.0,57771.0,87.0,6.0,88.18,0.0,Electronics,
64.0,99859.0,6.0,8.0,213.72,0.0,Electronics,2.0
66.0,49878.0,68.0,5.0,145.23,0.0,Leisure,2.0
28.0,66769.0,18.0,2.0,236.52,0.0,Home,2.0
38.0,51636.0,73.0,4.0,37.72,0.0,,2.0
43.0,48022.0,29.0,6.0,159.77,0.0,Home,2.0
42.0,68381.0,77.0,3.0,245.93,0.0,Fashion,1.0
39.0,44194.0,59.0,3.0,132.34,0.0,,
44.0,55347.0,47.0,5.0,138.73,1.0,Health,4.0
66.0,56433.0,17.0,5.0,164.78,1.0,Fashion,5.0
30.0,36638.0,96.0,6.0,122.06,0.0,Electronics,4.0
50.0,69840.0,,2.0,134.4,0.0,Electronics,5.0
51.0,46500.0,68.0,,133.11,1.0,Electronics,5.0
58.0,34885.0,69.0,4.0,118.63,0.0,Electronics,4.0
52.0,60730.0,37.0,3.0,211.44,0.0,Health,1.0
18.0,32030.0,49.0,4.0,173.05,1.0,Electronics,2.0
38.0,50563.0,13.0,2.0,162.53,0.0,Leisure,1.0
65.0,49817.0,34.0,6.0,190.43,0.0,Leisure,
23.0,71717.0,86.0,8.0,136.78,1.0,Leisure,3.0
45.0,59493.0,53.0,5.0,111.29,0.0,Fashion,
34.0,49499.0,87.0,6.0,119.87,1.0,Home,4.0
22.0,66355.0,51.0,5.0,150.09,1.0,Health,3.0
48.0,77804.0,3.0,5.0,97.04,1.0,Leisure,2.0
22.0,61156.0,42.0,6.0,124.99,0.0,Leisure,1.0
55.0,50207.0,98.0,4.0,124.19,0.0,Electronics,4.0
20.0,23763.0,32.0,4.0,256.23,0.0,Leisure,5.0
40.0,28697.0,51.0,5.0,11.31,0.0,Electronics,3.0
54.0,43895.0,85.0,5.0,141.02,0.0,,5.0
54.0,37809.0,46.0,4.0,236.28,0.0,Home,2.0
27.0,46260.0,21.0,4.0,156.09,0.0,Fashion,5.0
27.0,51132.0,,,187.67,0.0,Electronics,1.0
36.0,60593.0,11.0,5.0,154.99,0.0,Electronics,3.0
34.0,48590.0,68.0,4.0,116.63,1.0,Home,3.0
38.0,59730.0,1.0,3.0,37.9,1.0,Electronics,1.0
31.0,51289.0,,,160.27,1.0,Health,5.0
26.0,10490.0,63.0,6.0,111.22,0.0,Fashion,1.0
63.0,31213.0,24.0,6.0,109.98,1.0,Health,4.0
18.0,47118.0,99.0,4.0,125.05,1.0,Leisure,1.0
68.0,25806.0,13.0,7.0,237.24,0.0,Fashion,5.0
62.0,61998.0,98.0,6.0,270.24,0.0,Leisure,1.0
30.0,80615.0,11.0,6.0,160.86,0.0,Electronics,2.0
21.0,74375.0,100.0,2.0,126.76,0.0,Home,1.0
18.0,45731.0,51.0,6.0,91.14,0.0,Health,1.0
66.0,79814.0,17.0,4.0,173.43,0.0,Leisure,5.0
57.0,52973.0,99.0,7.0,239.15,1.0,Electronics,4.0
49.0,43258.0,82.0,8.0,137.63,0.0,Health,4.0
51.0,37731.0,86.0,6.0,31.05,0.0,Health,5.0
45.0,43950.0,24.0,3.0,183.5,1.0,Leisure,5.0
48.0,42236.0,19.0,4.0,199.27,0.0,Electronics,5.0
25.0,53408.0,37.0,5.0,70.71,1.0,Home,2.0
56.0,53211.0,85.0,3.0,158.82,0.0,Leisure,3.0
43.0,50060.0,8.0,5.0,,1.0,Health,1.0
51.0,58738.0,28.0,8.0,146.34,0.0,Health,5.0
20.0,73812.0,5.0,8.0,110.46,0.0,Fashion,5.0
67.0,68991.0,17.0,5.0,200.8,0.0,Electronics,5.0
29.0,20302.0,36.0,5.0,129.83,1.0,Fashion,4.0
18.0,-1078.0,19.0,8.0,75.74,1.0,Home,5.0
61.0,68686.0,64.0,,47.53,0.0,,1.0
22.0,22662.0,91.0,4.0,213.04,1.0,Health,5.0
47.0,45504.0,98.0,3.0,180.83,0.0,Electronics,1.0
47.0,26597.0,11.0,7.0,154.4,0.0,Health,2.0
34.0,13960.0,54.0,4.0,127.99,1.0,Fashion,3.0
65.0,60829.0,45.0,4.0,123.55,0.0,Fashion,4.0
64.0,65183.0,47.0,5.0,96.21,0.0,Leisure,1.0
40.0,38469.0,12.0,,128.43,1.0,Electronics,2.0
32.0,-1820.0,21.0,5.0,44.0,1.0,Electronics,3.0
54.0,39075.0,11.0,4.0,113.2,1.0,Leisure,3.0
38.0,57836.0,92.0,6.0,134.45,1.0,Fashion,3.0
31.0,20421.0,5.0,5.0,180.49,0.0,Fashion,1.0
19.0,53667.0,81.0,,148.0,1.0,Fashion,2.0
28.0,49693.0,56.0,2.0,189.75,0.0,Health,5.0
68.0,61585.0,20.0,5.0,217.46,1.0,Home,2.0
56.0,52391.0,41.0,3.0,202.91,0.0,,2.0
55.0,30538.0,46.0,3.0,173.53,0.0,Home,2.0
51.0,73931.0,12.0,5.0,150.59,0.0,Home,1.0
55.0,46829.0,70.0,4.0,100.96,0.0,Electronics,1.0
67.0,49453.0,17.0,3.0,187.0,0.0,Leisure,1.0
51.0,31334.0,19.0,4.0,233.99,1.0,Health,2.0
35.0,41134.0,26.0,2.0,167.11,1.0,Home,1.0
47.0,32303.0,48.0,6.0,245.86,0.0,Health,3.0
32.0,46541.0,52.0,7.0,73.72,1.0,,1.0
44.0,84234.0,96.0,3.0,92.29,0.0,Fashion,4.0
68.0,22561.0,70.0,5.0,192.76,0.0,Home,1.0
51.0,17728.0,55.0,4.0,163.21,0.0,Leisure,1.0
69.0,79423.0,100.0,6.0,215.69,1.0,Electronics,1.0
55.0,45813.0,,6.0,149.23,1.0,Health,1.0
50.0,36618.0,33.0,2.0,106.6,0.0,Fashion,4.0
41.0,70798.0,62.0,2.0,139.32,0.0,Health,5.0
32.0,37887.0,88.0,5.0,73.37,0.0,Leisure,1.0
47.0,86520.0,23.0,2.0,93.57,0.0,Home,3.0
59.0,63558.0,15.0,7.0,198.62,0.0,Leisure,4.0
68.0,40241.0,27.0,4.0,193.64,0.0,Health,5.0
34.0,93146.0,75.0,5.0,168.15,0.0,Health,1.0
,37885.0,64.0,7.0,63.95,1.0,Leisure,5.0
46.0,64841.0,81.0,5.0,132.08,0.0,Leisure,3.0
21.0,55985.0,51.0,7.0,88.75,0.0,Leisure,4.0
27.0,76034.0,53.0,1.0,208.83,0.0,Fashion,
,81230.0,78.0,3.0,120.81,1.0,Health,5.0
27.0,50640.0,91.0,4.0,95.71,1.0,Electronics,1.0
34.0,34931.0,82.0,9.0,151.49,,Fashion,2.0
37.0,59199.0,92.0,4.0,117.99,,Fashion,4.0
41.0,36445.0,51.0,5.0,224.19,1.0,Fashion,2.0
22.0,90267.0,47.0,6.0,113.26,0.0,Electronics,4.0
51.0,52730.0,4.0,6.0,80.04,0.0,Leisure,1.0
23.0,42693.0,7.0,3.0,42.35,0.0,Health,1.0
19.0,53693.0,35.0,3.0,148.46,0.0,Home,4.0
30.0,23057.0,48.0,,121.9,1.0,Home,5.0
60.0,30567.0,73.0,7.0,78.55,1.0,Health,1.0
60.0,74008.0,72.0,6.0,209.46,0.0,Electronics,1.0
65.0,36862.0,45.0,6.0,183.36,0.0,Home,3.0
,29061.0,81.0,4.0,148.59,0.0,Fashion,1.0
68.0,60733.0,81.0,7.0,218.22,0.0,Home,3.0
64.0,73714.0,97.0,4.0,183.13,0.0,Health,1.0
40.0,,96.0,8.0,,1.0,Fashion,1.0
33.0,69920.0,72.0,,98.04,1.0,Home,5.0
48.0,34864.0,,5.0,190.9,,Health,5.0
28.0,21563.0,63.0,4.0,169.82,1.0,Electronics,
33.0,80026.0,38.0,5.0,158.49,0.0,Health,4.0
25.0,43546.0,67.0,2.0,107.68,0.0,Electronics,4.0
21.0,44983.0,59.0,3.0,,0.0,Fashion,1.0
57.0,,69.0,7.0,112.23,0.0,Health,4.0
21.0,61124.0,13.0,5.0,144.9,1.0,Leisure,1.0
42.0,59117.0,47.0,6.0,222.35,0.0,Leisure,5.0
20.0,93300.0,61.0,7.0,116.96,0.0,Leisure,2.0
49.0,37129.0,31.0,2.0,71.35,0.0,Leisure,3.0
20.0,68556.0,80.0,7.0,97.37,1.0,Leisure,4.0
44.0,51140.0,,5.0,199.71,0.0,Electronics,
46.0,55371.0,,5.0,162.74,1.0,Health,
49.0,80569.0,93.0,7.0,143.56,1.0,Fashion,4.0
67.0,60156.0,86.0,6.0,124.55,0.0,Leisure,1.0
68.0,60765.0,43.0,5.0,174.27,0.0,Leisure,1.0
36.0,71450.0,67.0,0.0,107.54,1.0,Fashion,2.0
38.0,42700.0,54.0,7.0,165.28,0.0,Fashion,2.0
22.0,33215.0,10.0,5.0,113.44,1.0,Leisure,2.0
35.0,29103.0,42.0,5.0,105.12,0.0,Electronics,1.0
45.0,10672.0,64.0,6.0,118.13,0.0,Fashion,2.0
59.0,91124.0,21.0,8.0,131.23,1.0,Health,2.0
39.0,27935.0,80.0,4.0,147.56,1.0,Health,1.0
38.0,45574.0,76.0,6.0,161.77,1.0,Electronics,5.0
23.0,44463.0,66.0,4.0,-34.42,0.0,Home,4.0
18.0,56148.0,41.0,1.0,,1.0,Electronics,3.0
22.0,66314.0,24.0,3.0,130.42,1.0,Leisure,1.0
58.0,67209.0,35.0,4.0,225.25,1.0,Home,1.0
29.0,38338.0,56.0,5.0,96.0,0.0,Leisure,3.0
43.0,46657.0,30.0,4.0,158.14,0.0,Health,3.0
63.0,55651.0,57.0,5.0,224.75,1.0,Fashion,2.0
51.0,45026.0,94.0,2.0,84.35,0.0,Leisure,3.0
66.0,82146.0,47.0,2.0,169.7,0.0,Health,4.0
31.0,59819.0,,5.0,109.89,0.0,Electronics,4.0
43.0,64697.0,19.0,5.0,124.77,0.0,Leisure,4.0
62.0,63257.0,8.0,5.0,109.84,0.0,Health,4.0
44.0,73469.0,26.0,6.0,113.41,0.0,Fashion,4.0
26.0,53620.0,71.0,4.0,286.1,1.0,Leisure,2.0
,24063.0,30.0,9.0,192.22,0.0,Health,1.0
64.0,57993.0,7.0,7.0,205.09,0.0,Leisure,3.0
39.0,36972.0,67.0,2.0,174.6,0.0,Fashion,1.0
64.0,39427.0,65.0,3.0,,0.0,Leisure,3.0
47.0,61727.0,36.0,4.0,169.75,0.0,Leisure,2.0
60.0,74765.0,25.0,6.0,203.65,1.0,Health,2.0
,50425.0,37.0,7.0,107.33,0.0,Home,5.0
34.0,56176.0,1.0,,198.27,,Leisure,5.0
43.0,84044.0,15.0,5.0,185.22,0.0,,2.0
53.0,54815.0,37.0,5.0,242.6,0.0,Electronics,2.0
18.0,102033.0,13.0,3.0,129.11,0.0,Leisure,3.0
25.0,61310.0,8.0,3.0,95.12,0.0,Home,2.0
66.0,14784.0,5.0,,131.92,1.0,Electronics,1.0
52.0,65066.0,60.0,3.0,221.78,1.0,Health,3.0
69.0,57623.0,73.0,8.0,58.58,0.0,Leisure,2.0
32.0,75795.0,1.0,8.0,46.58,0.0,Health,3.0
64.0,63463.0,36.0,,154.47,0.0,Electronics,3.0
39.0,47230.0,35.0,5.0,127.87,0.0,Health,4.0
31.0,25514.0,66.0,3.0,150.39,1.0,Health,5.0
43.0,45819.0,63.0,3.0,197.27,0.0,Fashion,3.0
45.0,32989.0,23.0,6.0,122.37,1.0,Electronics,3.0
40.0,38389.0,9.0,5.0,56.35,0.0,Health,4.0
31.0,61771.0,34.0,4.0,252.22,0.0,Home,
41.0,83398.0,46.0,6.0,100.14,0.0,Electronics,3.0
19.0,57893.0,78.0,3.0,97.05,0.0,Fashion,4.0
62.0,26082.0,4.0,12.0,205.19,1.0,Leisure,1.0
43.0,58892.0,,1.0,130.78,0.0,,4.0
31.0,73932.0,95.0,6.0,146.83,1.0,Home,5.0
68.0,37804.0,75.0,,,0.0,Fashion,5.0
24.0,47319.0,99.0,6.0,204.18,1.0,Electronics,2.0
20.0,,72.0,1.0,133.33,0.0,Health,2.0
64.0,34302.0,3.0,4.0,226.0,1.0,Fashion,
40.0,62965.0,14.0,3.0,43.21,1.0,Fashion,5.0
63.0,-1000.0,60.0,3.0,187.99,1.0,Home,3.0
,58390.0,77.0,5.0,108.02,,Leisure,5.0
64.0,32250.0,45.0,5.0,218.61,1.0,Leisure,2.0
62.0,41250.0,96.0,5.0,157.1,0.0,Leisure,5.0
35.0,64447.0,34.0,,116.35,0.0,Electronics,2.0
,42543.0,45.0,3.0,,0.0,Fashion,1.0
59.0,29575.0,14.0,6.0,107.98,0.0,Fashion,1.0
62.0,65716.0,8.0,4.0,177.4,0.0,Leisure,4.0
61.0,,39.0,3.0,82.5,0.0,Electronics,2.0
57.0,64006.0,69.0,9.0,198.24,0.0,,3.0
18.0,55580.0,97.0,2.0,146.81,0.0,Home,5.0
31.0,71309.0,97.0,2.0,61.12,,Home,2.0
50.0,34034.0,94.0,5.0,,0.0,Home,2.0
39.0,36972.0,67.0,2.0,174.6,0.0,Fashion,1.0
50.0,67449.0,83.0,2.0,147.77,,Leisure,4.0
37.0,20712.0,71.0,7.0,63.04,0.0,Electronics,2.0
27.0,59880.0,72.0,9.0,,1.0,Electronics,1.0
56.0,49045.0,41.0,1.0,144.2,0.0,Home,5.0
30.0,70451.0,75.0,6.0,108.89,1.0,Fashion,3.0
46.0,41762.0,15.0,8.0,166.6,0.0,Fashion,4.0
48.0,77804.0,3.0,5.0,97.04,1.0,Leisure,2.0
32.0,29757.0,84.0,4.0,51.77,1.0,Home,3.0
36.0,38890.0,90.0,3.0,,1.0,Health,
,21866.0,42.0,5.0,192.66,0.0,Leisure,
52.0,,33.0,7.0,202.61,0.0,Home,1.0
54.0,39075.0,11.0,4.0,113.2,1.0,Leisure,3.0
