Age,Annual_Income,Spending_Score,Visit_Frequency,Average_Basket,Used_Discount,Satisfaction_Score,Pref_Category_Num
0.7450980392156864,0.168738862993426,0.48750000000000004,0.375,0.3732394366197183,1.0,0.25,0.2
1.0,0.5331568191199122,0.42500000000000004,0.25,0.3380281690140845,1.0,0.0,0.2
0.5490196078431373,0.3398938901249358,0.15,0.375,0.278169014084507,0.0,0.5,0.4
0.27450980392156865,0.5912857013419778,0.25,0.875,0.4612676056338028,0.0,0.5,0.6000000000000001
0.5294117647058824,0.36200179198840243,0.1875,0.5,0.5669014084507042,0.0,0.25,0.0
0.13725490196078433,0.27442590933344074,0.275,0.375,0.6232394366197184,0.0,0.25,0.6000000000000001
0.3921568627450981,0.8318853127422456,0.74375,0.75,0.5422535211267606,0.0,0.5,1.0
0.7450980392156864,0.6697002949733718,0.2875,0.375,0.38380281690140844,0.0,1.0,0.0
0.3529411764705882,0.49058199353676096,0.35625,0.125,0.5633802816901409,0.0,0.75,1.0
0.43137254901960786,0.790166211957999,0.65625,0.125,0.5211267605633804,1.0,0.75,0.2
0.47058823529411764,0.5077669609688817,0.4625,0.25,0.6654929577464789,0.0,0.5,0.0
0.1960784313725491,0.31877258861785346,0.25625,0.625,0.6373239436619719,0.0,0.75,0.0
0.5490196078431373,0.7988644028551006,0.5875,0.875,0.5070422535211269,0.0,1.0,0.2
0.6862745098039217,0.6006986741299292,0.36250000000000004,0.625,0.3415492957746479,0.0,1.0,0.0
0.7647058823529412,0.28334558194320003,0.41250000000000003,0.0,0.38380281690140844,0.0,0.0,0.2
0.4509803921568628,0.45386636598846286,0.15,0.875,0.40492957746478875,0.0,0.25,0.8
0.03921568627450983,0.3158832590027283,0.5,0.5,0.44366197183098594,0.0,0.75,0.8
0.4117647058823529,0.21377012211696247,0.48125,0.375,0.545774647887324,1.0,1.0,0.0
0.019607843137254943,0.6786703043360078,0.40625,0.5,0.6267605633802817,1.0,0.25,0.0
0.4509803921568628,0.8766447534002476,0.25,0.75,0.4894366197183098,0.0,0.5,0.2
0.8431372549019608,0.21058883933515216,0.45,0.625,0.5035211267605634,1.0,0.5,0.0
0.5686274509803921,0.6055410697566721,0.6625,0.25,0.5246478873239437,1.0,0.25,0.4
0.7254901960784313,0.36118633659179916,0.15,0.375,0.4084507042253521,0.0,0.25,0.8
0.019607843137254943,0.3941065729731907,0.70625,0.125,0.3380281690140845,1.0,0.5,0.0
0.3921568627450981,0.3729148000120808,0.21250000000000002,0.375,0.19014084507042256,1.0,0.0,0.0
0.6274509803921569,0.3182289516867846,0.36875,0.375,0.3767605633802817,0.0,0.0,0.6000000000000001
0.21568627450980393,0.5019580996869054,0.28125,1.0,0.5845070422535211,0.0,0.75,0.0
0.4117647058823529,0.324873403066515,0.625,0.25,0.3767605633802817,0.0,0.25,0.4
0.8431372549019608,0.54664706889088,0.48750000000000004,0.625,0.45774647887323944,0.0,0.75,0.8
0.47058823529411764,0.482075082300591,0.46875,0.5,0.5809859154929577,1.0,1.0,0.6000000000000001
0.9411764705882354,0.4440809012292235,0.15,0.375,0.591549295774648,0.0,0.25,0.2
0.5098039215686275,0.3094502219850802,0.275,0.625,0.30985915492957744,1.0,1.0,0.2
0.8039215686274509,0.3760558133915898,0.3375,0.5,0.6760563380281691,1.0,0.5,1.0
0.5294117647058824,0.6442802347706154,0.3125,0.875,0.6971830985915494,0.0,0.25,0.2
0.2941176470588236,0.5930474876926639,0.6375000000000001,0.5,0.3028169014084507,0.0,0.75,0.4
0.27450980392156865,0.29535593117959147,0.24375000000000002,0.75,0.3556338028169014,0.0,0.75,0.0
0.9019607843137255,0.51218652787146,0.31875,0.375,0.7112676056338029,0.0,0.25,0.8
0.9803921568627451,0.6434748467245874,0.5,0.625,0.4753521126760563,0.0,0.75,0.6000000000000001
0.8431372549019608,0.15605400126848618,0.5,0.25,0.1091549295774648,0.0,0.25,0.0
1.0,0.6015946683311353,0.24375000000000002,0.375,0.47183098591549294,0.0,0.0,0.2
0.03921568627450983,0.3587701724537154,0.43125,0.25,0.45774647887323944,1.0,0.75,0.2
0.7058823529411765,0.6070713070441252,0.51875,0.125,0.29577464788732394,0.0,0.25,0.6000000000000001
0.9803921568627451,0.4101841318420232,0.64375,1.0,0.426056338028169,0.0,0.25,0.4
0.11764705882352944,0.12878154855986548,0.275,0.5,0.5070422535211269,0.0,0.75,0.6000000000000001
0.3921568627450981,0.16449044105062868,0.275,1.0,0.7570422535211269,1.0,0.0,0.8
0.1568627450980392,0.5018674935317272,0.6000000000000001,0.625,0.4471830985915493,0.0,0.75,0.6000000000000001
0.7450980392156864,0.5444825885171799,0.3125,0.0,0.6901408450704226,0.0,0.25,0.2
0.33333333333333337,0.3101045997724779,0.48750000000000004,0.625,0.75,1.0,0.0,0.4
0.05882352941176472,0.6207629038265999,0.31875,0.125,0.7535211267605635,0.0,1.0,0.4
0.47058823529411764,0.15764464265939132,0.75,0.375,0.5492957746478874,0.0,0.5,0.6000000000000001
0.2549019607843137,0.4788837321682053,0.525,0.5,0.15492957746478875,0.0,0.75,0.8
0.9607843137254902,0.24835147134328658,0.24375000000000002,0.875,0.5809859154929577,1.0,0.25,0.2
0.1568627450980392,0.3609447201779908,0.42500000000000004,0.375,0.6830985915492959,0.0,0.0,0.0
0.4901960784313726,0.5017265506236723,0.40625,0.125,0.48591549295774644,0.0,0.0,0.4
0.019607843137254943,0.3189437335776344,0.75,0.0,0.8063380281690141,0.0,1.0,0.6000000000000001
0.37254901960784315,0.41475470900323164,0.7125,0.875,0.6514084507042254,0.0,0.75,0.8
0.5294117647058824,0.6947981999577171,0.46875,0.625,0.5985915492957747,0.0,0.0,0.8
0.9019607843137255,0.3760356786904391,0.46875,0.375,0.6901408450704226,0.0,1.0,0.2
0.11764705882352944,0.660448399794626,0.7312500000000001,0.0,0.5598591549295775,1.0,0.25,0.4
0.8431372549019608,0.26472098337880423,0.2375,1.0,0.05985915492957747,0.0,1.0,0.2
0.13725490196078433,0.38689834996124073,0.51875,0.375,0.4119718309859155,1.0,0.75,0.0
0.9019607843137255,0.7824445540667062,0.7000000000000001,0.125,0.7112676056338029,1.0,1.0,0.0
0.6666666666666666,0.0,0.41875,0.375,0.35915492957746475,1.0,0.0,0.0
0.2549019607843137,0.3317393361589031,0.59375,0.25,0.4612676056338028,0.0,0.0,0.8
0.3137254901960784,0.6083800626189205,0.48125,0.875,0.3169014084507042,0.0,0.5,0.4
0.6862745098039217,0.45130925894232415,0.40625,1.0,0.8133802816901409,1.0,1.0,0.2
0.9607843137254902,0.5669126455990576,0.33125000000000004,0.375,0.795774647887324,1.0,0.25,0.2
0.7647058823529412,0.37057917467859985,0.23125,0.375,0.34507042253521125,0.0,0.75,0.0
0.05882352941176472,0.509619353474746,0.5625,0.5,0.5246478873239437,1.0,0.5,0.4
0.019607843137254943,0.46084303993717973,0.15,1.0,0.38028169014084506,0.0,1.0,0.4
0.09803921568627455,0.7273157423160946,0.25,0.875,0.6091549295774649,0.0,0.25,0.6000000000000001
0.8039215686274509,0.5434154493561929,0.41875,0.625,0.5880281690140846,0.0,0.5,0.4
0.05882352941176472,0.5601675207135738,0.69375,0.125,0.6443661971830986,1.0,0.0,0.4
0.5490196078431373,0.409257935589091,0.21875,0.875,0.5598591549295775,0.0,0.75,0.2
0.33333333333333337,0.3940058994674372,0.5625,0.75,1.0,0.0,1.0,0.4
0.4901960784313726,0.4050900524508965,0.41875,0.625,0.3204225352112676,1.0,0.25,0.4
0.8431372549019608,0.5716140983177457,0.6125,0.5,0.1971830985915493,0.0,0.0,0.2
0.6470588235294118,0.4074256777843775,0.59375,0.25,0.4295774647887324,0.0,0.5,0.4
0.17647058823529416,0.5505330662129647,0.18125,0.625,0.22535211267605634,0.0,0.75,0.2
0.6862745098039217,0.9100683573104066,0.6875,0.25,0.23591549295774647,0.0,0.5,0.6000000000000001
0.2549019607843137,0.6675861513525485,0.225,0.25,0.323943661971831,1.0,0.5,0.8
0.5882352941176471,0.4265435765269654,0.55625,0.75,0.3380281690140845,1.0,0.25,0.2
0.9215686274509803,0.7340507998510032,0.5062500000000001,0.375,0.33098591549295775,0.0,0.0,0.2
0.27450980392156865,0.4100230542328176,0.1875,0.375,0.591549295774648,1.0,1.0,0.4
0.13725490196078433,0.08181735812586202,0.4375,0.625,0.4119718309859155,0.0,0.25,0.2
0.2549019607843137,0.28921484732862857,0.14375,0.625,0.46830985915492956,0.0,0.5,0.0
0.43137254901960786,0.1155127805015554,0.60625,0.25,0.6584507042253521,0.0,0.5,0.0
0.7647058823529412,0.4214092277335374,0.7125,0.375,0.36619718309859156,0.0,0.75,0.6000000000000001
0.3921568627450981,0.49589755464054525,0.5625,0.625,0.45422535211267606,0.0,0.25,0.2
0.2941176470588236,0.8297308997191208,0.63125,0.625,0.5633802816901409,0.0,0.25,1.0
0.8627450980392156,0.5580131076904491,0.44375000000000003,0.625,0.15845070422535212,0.0,1.0,0.4
0.33333333333333337,0.44806757205706177,0.24375000000000002,0.625,0.08098591549295775,0.0,0.5,0.8
0.3921568627450981,0.6591899809727074,0.3875,0.25,0.5598591549295775,0.0,0.25,0.6000000000000001
0.27450980392156865,0.6673445349387401,0.34375,0.5,0.5880281690140846,0.0,0.75,0.4
0.4901960784313726,0.5396301255398617,0.41250000000000003,0.125,0.8626760563380282,1.0,1.0,0.8
0.47058823529411764,0.6474011134489736,0.2875,0.5,0.5281690140845071,0.0,0.75,0.4
0.8627450980392156,0.1944810784145936,0.55625,0.25,0.6443661971830986,0.0,0.5,0.8
0.7843137254901961,0.7224834140399271,0.70625,0.25,0.4647887323943662,1.0,1.0,0.0
0.607843137254902,0.5603386656733547,0.525,0.5,0.5528169014084507,0.0,1.0,0.0
0.27450980392156865,0.4085733557499673,0.35625,1.0,0.7922535211267606,0.0,1.0,0.4
0.8627450980392156,0.6195950911598594,0.65,0.75,0.12676056338028172,0.0,0.0,0.6000000000000001
0.0,0.9493813613071448,0.43125,0.75,0.573943661971831,0.0,1.0,0.2
0.47058823529411764,0.5288077236713614,0.25625,0.375,0.8767605633802817,0.0,0.75,0.6000000000000001
0.11764705882352944,0.5421670978848496,0.5875,0.0,0.5492957746478874,1.0,0.75,0.6000000000000001
0.1568627450980392,0.3996939525425094,0.36250000000000004,0.375,0.7922535211267606,1.0,0.5,0.2
0.4509803921568628,0.3210780118996084,0.15625,0.5,0.3908450704225352,0.0,0.25,0.0
0.0,0.6593711932830637,0.75,0.375,0.4929577464788732,1.0,0.25,0.0
0.8431372549019608,0.31981959307768976,0.5625,0.375,0.5070422535211269,0.0,0.0,0.2
0.13725490196078433,0.5065991483021413,0.51875,0.75,0.6021126760563381,0.0,1.0,0.8
0.4509803921568628,0.39600930223193165,0.15,0.625,0.29577464788732394,1.0,0.0,1.0
0.1960784313725491,0.5886279207900856,0.36875,0.875,0.30633802816901406,0.0,0.5,0.4
0.9803921568627451,0.5593722000181212,0.34375,0.375,0.6443661971830986,1.0,0.5,0.0
0.3137254901960784,0.7010902940673103,0.13125,0.25,0.6549295774647887,1.0,0.25,0.4
0.13725490196078433,0.3894957264096808,0.275,0.0,0.5563380281690141,0.0,0.5,0.2
0.6666666666666666,0.43784921122308246,0.48125,0.375,0.6443661971830986,0.0,1.0,0.4
0.6666666666666666,0.2828019450121312,0.75,0.0,0.47183098591549294,0.0,0.75,0.4
0.6274509803921569,0.40273429241626485,0.30625,0.375,0.7112676056338029,0.0,0.5,0.6000000000000001
0.07843137254901966,0.5681609970704009,0.38125000000000003,0.25,0.49999999999999994,0.0,0.0,0.2
0.8039215686274509,0.6446023899890265,0.4625,0.5,0.5105633802816902,0.0,1.0,0.4
0.7450980392156864,0.3065105556170783,0.41250000000000003,0.625,0.45422535211267606,1.0,0.5,0.0
0.7843137254901961,0.667284130835288,0.5,0.625,0.619718309859155,0.0,0.5,0.2
0.5294117647058824,0.7651387784276812,0.5,0.375,0.426056338028169,0.0,1.0,0.0
0.11764705882352944,0.575429624185803,0.48125,0.375,0.6725352112676057,0.0,0.5,0.8
0.1568627450980392,0.8700707734745446,0.31875,0.5,0.2992957746478873,1.0,0.75,0.4
0.13725490196078433,0.33639045212471436,0.65,0.0,0.30633802816901406,0.0,0.25,0.2
0.21568627450980393,0.24157614440607664,0.275,1.0,0.619718309859155,0.0,1.0,0.0
0.6470588235294118,0.13404677291077305,0.68125,0.75,0.48591549295774644,1.0,0.0,0.4
0.6274509803921569,0.7934078988432613,0.35,0.5,0.6267605633802817,0.0,0.5,0.6000000000000001
0.9215686274509803,0.6239441866084102,0.65625,0.375,0.6549295774647887,0.0,0.25,0.0
0.43137254901960786,0.48099787578902864,0.3125,0.5,0.39436619718309857,1.0,0.0,0.0
0.4509803921568628,0.5485598655001963,0.275,0.375,0.4647887323943662,0.0,0.0,0.8
0.7058823529411765,0.2655767081777089,0.3125,0.0,0.7464788732394366,1.0,0.75,1.0
0.6666666666666666,0.9846372230220173,0.6625,0.25,0.7711267605633804,0.0,0.25,0.8
0.8431372549019608,0.5182068035155187,0.7000000000000001,0.75,0.7781690140845071,0.0,1.0,0.6000000000000001
0.7647058823529412,0.5142100653371052,0.16875,0.625,0.4507042253521127,0.0,0.25,0.0
0.4117647058823529,0.6383203632300087,0.34375,1.0,0.7183098591549296,0.0,0.25,0.8
0.5098039215686275,0.589040682163675,0.46875,0.375,0.3345070422535211,1.0,0.0,0.4
0.6666666666666666,0.5372642981546546,0.7000000000000001,0.5,0.3415492957746479,1.0,0.75,0.6000000000000001
0.0,0.3330279570325478,0.21250000000000002,0.625,0.08450704225352113,1.0,0.5,0.0
0.6666666666666666,0.5871178182037833,0.1875,0.625,0.795774647887324,1.0,0.25,0.2
0.607843137254902,0.8711278452849563,0.625,0.875,0.3485915492957746,0.0,0.25,0.6000000000000001
0.9019607843137255,0.76308503891031,0.225,0.375,0.4788732394366197,1.0,0.25,1.0
0.2549019607843137,0.8129687610111647,0.4625,0.25,0.3380281690140845,0.0,0.0,0.4
0.03921568627450983,0.3892541099958724,0.71875,0.25,0.6232394366197184,0.0,1.0,0.6000000000000001
0.0,0.29292969969093235,0.68125,1.0,0.43309859154929575,1.0,1.0,0.6000000000000001
0.07843137254901966,0.4668633155812385,0.60625,0.75,0.27112676056338025,0.0,0.75,0.4
0.4901960784313726,0.5034077981697557,0.5625,0.625,0.5774647887323944,0.0,0.0,0.4
0.2549019607843137,0.7124966022691808,0.5062500000000001,0.75,0.24647887323943665,0.0,0.75,0.8
0.607843137254902,0.15141295265325022,0.58125,0.375,0.352112676056338,0.0,1.0,0.0
0.5098039215686275,0.8001630910793206,0.40625,0.625,0.1302816901408451,1.0,0.25,0.0
0.1568627450980392,0.6182762682344887,0.75,1.0,0.25,0.0,0.0,0.8
0.27450980392156865,0.4062377304164863,0.47500000000000003,1.0,0.5316901408450705,0.0,0.0,0.0
0.27450980392156865,0.2883993919320253,0.65,0.375,0.15492957746478875,1.0,0.5,0.6000000000000001
0.4901960784313726,0.15898360028591274,0.6375000000000001,0.75,0.2394366197183099,0.0,0.25,0.8
0.8039215686274509,0.4350806898148614,0.48125,0.75,0.49999999999999994,0.0,0.75,0.8
0.23529411764705888,0.5069515055722785,0.25625,0.25,0.40492957746478875,0.0,0.75,0.0
0.9803921568627451,0.23245512478481037,0.40625,0.75,0.8521126760563381,0.0,0.0,0.2
0.607843137254902,0.23142825502612477,0.54375,0.5,0.823943661971831,0.0,0.75,0.0
0.7450980392156864,0.3899286224844208,0.42500000000000004,0.125,0.3485915492957746,1.0,0.25,0.2
0.9411764705882354,0.8282409318339692,0.69375,1.0,0.5985915492957747,0.0,0.5,0.8
1.0,0.43992308544160436,0.16875,0.625,0.6302816901408451,1.0,0.0,0.2
0.607843137254902,0.18953800928209721,0.5625,0.25,0.39436619718309857,1.0,0.25,0.6000000000000001
0.05882352941176472,0.44271174155097603,0.21875,0.625,0.23591549295774647,0.0,0.5,0.4
0.5686274509803921,0.43727537224028756,0.6375000000000001,0.25,0.49647887323943657,0.0,1.0,1.0
0.7058823529411765,0.0,0.325,0.125,0.46830985915492956,0.0,0.25,0.4
0.43137254901960786,0.4812596269039877,0.59375,0.875,0.4225352112676056,0.0,1.0,0.6000000000000001
0.7450980392156864,0.5498585537244163,0.25,0.375,0.44366197183098594,1.0,0.75,1.0
0.8627450980392156,0.6323705590399774,0.675,0.5,0.36619718309859156,0.0,1.0,0.6000000000000001
0.27450980392156865,0.8644733265546506,0.21875,0.375,0.29577464788732394,0.0,0.25,0.4
0.823529411764706,0.719020245442007,0.42500000000000004,0.25,0.517605633802817,0.0,1.0,0.4
0.5490196078431373,0.43805055823458944,0.5687500000000001,0.375,0.5669014084507042,0.0,0.0,0.0
0.6862745098039217,0.2693922340457662,0.25625,0.25,0.29225352112676056,0.0,0.25,0.2
0.23529411764705888,1.0,0.3875,1.0,0.6619718309859155,0.0,0.5,0.4
0.607843137254902,0.5041125127100301,0.48750000000000004,0.625,0.18661971830985916,0.0,1.0,0.8
0.11764705882352944,0.49499149308876383,0.21250000000000002,0.5,0.39788732394366194,1.0,0.0,0.0
0.9803921568627451,0.4873302393009232,0.48125,0.5,0.45422535211267606,0.0,0.75,0.2
0.4117647058823529,0.5320695452577745,0.35625,0.5,0.3873239436619718,1.0,0.75,0.0
0.5294117647058824,0.46311826116720867,0.48750000000000004,0.25,0.4014084507042253,1.0,1.0,1.0
0.019607843137254943,0.3766799891272614,0.25625,0.625,0.8309859154929577,0.0,0.75,0.6000000000000001
0.8039215686274509,0.3820760890356485,0.6375000000000001,0.375,0.3485915492957746,0.0,0.5,0.4
0.8627450980392156,0.4855885876513878,0.55625,0.5,0.9295774647887325,0.0,0.25,0.8
0.09803921568627455,0.3827707362253476,0.14375,0.25,0.5774647887323944,1.0,0.0,0.0
0.5294117647058824,0.6745930273529914,0.6687500000000001,0.75,0.517605633802817,0.0,1.0,0.0
0.5294117647058824,0.5136160916531596,0.6875,0.25,0.5845070422535211,0.0,0.75,0.0
0.8431372549019608,0.44084928169453647,0.35625,0.625,0.943661971830986,1.0,0.25,0.0
0.8431372549019608,0.7950086075847419,0.675,0.75,0.323943661971831,1.0,0.5,0.4
0.37254901960784315,0.0,0.43125,0.0,0.3028169014084507,0.0,0.75,0.2
0.5686274509803921,0.7119630326886873,0.24375000000000002,0.625,0.36619718309859156,0.0,0.75,0.4
0.1960784313725491,0.7430812133170913,0.68125,0.375,0.5070422535211269,1.0,0.0,0.6000000000000001
0.5294117647058824,0.07471987597024092,0.65625,0.125,0.1971830985915493,0.0,0.5,0.4
0.7647058823529412,0.42319114878537417,0.44375000000000003,0.125,0.5035211267605634,1.0,0.5,0.4
0.7450980392156864,0.41740242220454843,0.5062500000000001,0.5,0.7992957746478874,1.0,1.0,0.6000000000000001
0.6274509803921569,0.20878678358216468,0.38125000000000003,0.5,0.5281690140845071,1.0,0.0,0.4
0.0,0.3355749967281111,0.33125000000000004,0.25,0.4471830985915493,0.0,1.0,0.2
0.5098039215686275,0.2685767786491629,0.4375,0.5,0.3908450704225352,1.0,0.0,0.8
1.0,0.8450030705419255,0.55,1.0,0.6584507042253521,0.0,0.5,0.6000000000000001
0.23529411764705888,0.6805831009453241,0.5687500000000001,0.125,0.3556338028169014,1.0,0.0,0.0
0.7843137254901961,0.7482155621105193,0.6625,0.625,0.823943661971831,0.0,0.0,0.2
0.03921568627450983,0.6374948404828301,0.33125000000000004,0.5,0.841549295774648,0.0,0.0,0.8
0.7450980392156864,0.26485185893628377,0.63125,0.25,0.545774647887324,0.0,0.25,0.2
0.09803921568627455,0.38657619474282956,0.275,0.375,0.49647887323943657,0.0,0.25,0.2
0.13725490196078433,0.5907219297097582,0.5062500000000001,1.0,0.6830985915492959,0.0,0.5,0.0
0.5098039215686275,0.2461165195155591,0.5062500000000001,0.375,0.693661971830986,1.0,0.0,0.8
0.1568627450980392,0.6357431214827194,0.7375,0.875,0.3274647887323944,0.0,0.5,0.2
0.607843137254902,0.44379901541311373,0.30000000000000004,0.25,0.4084507042253521,1.0,0.25,0.0
0.6274509803921569,0.4167178423654247,0.48750000000000004,0.5,0.2676056338028169,0.0,0.0,0.6000000000000001
0.9803921568627451,0.6353404274597054,0.39375,0.375,0.5704225352112676,0.0,1.0,0.0
0.8039215686274509,0.5816411794907934,0.38125000000000003,1.0,0.6161971830985916,0.0,0.25,0.4
0.8431372549019608,0.3926065377374637,0.36875,0.25,0.2605633802816901,0.0,0.25,0.0
0.4509803921568628,0.7256143600688606,0.6625,0.375,0.41901408450704225,1.0,0.25,0.0
0.27450980392156865,0.2745165154886189,0.43125,0.25,0.2640845070422535,0.0,0.0,0.0
0.607843137254902,0.6162023940159668,0.23125,0.25,0.3415492957746479,0.0,0.75,0.2
0.607843137254902,0.6116116821536076,0.7375,0.875,0.5985915492957747,0.0,1.0,1.0
0.4509803921568628,0.42986580221683063,0.5625,0.0,0.36971830985915494,1.0,1.0,0.0
0.7843137254901961,0.5578520300812435,0.5625,0.5,0.4471830985915493,0.0,0.5,0.0
1.0,0.2402774561818566,0.7375,0.75,0.21478873239436622,0.0,0.0,0.4
0.9411764705882354,0.6782374082612679,0.53125,0.25,0.5316901408450705,0.0,0.25,0.4
0.9411764705882354,0.45495363985060056,0.5875,0.5,0.6514084507042254,0.0,0.75,0.6000000000000001
1.0,0.3869386193635421,0.65625,0.5,0.3732394366197183,0.0,0.0,0.6000000000000001
0.21568627450980393,0.7034057846996405,0.15625,0.75,0.46830985915492956,1.0,0.0,0.4
0.7450980392156864,0.35037400207387426,0.1375,0.5,0.5316901408450705,0.0,0.75,0.8
0.019607843137254943,0.20859550392123305,0.2625,0.75,0.3556338028169014,0.0,0.25,0.6000000000000001
0.03921568627450983,0.1787659441664737,0.48125,0.5,0.2394366197183099,0.0,0.0,1.0
0.9411764705882354,0.5175423583775457,0.5375000000000001,0.375,0.8169014084507042,0.0,1.0,0.4
0.7058823529411765,0.23437798874470206,0.5875,0.5,0.3873239436619718,0.0,1.0,0.6000000000000001
0.9411764705882354,0.8455064380706929,0.0,1.0,0.48239436619718307,1.0,0.75,0.0
0.3137254901960784,0.4618195729429886,0.225,0.75,0.6795774647887325,1.0,0.25,0.4
0.9411764705882354,0.8337679072998359,0.44375000000000003,0.625,1.0,1.0,0.75,0.6000000000000001
0.019607843137254943,0.5346769890567898,0.36875,0.25,0.28169014084507044,0.0,0.0,0.8
0.019607843137254943,0.47271244626551634,0.6625,0.0,0.5774647887323944,0.0,1.0,0.8
0.5294117647058824,0.3824687157080871,0.6000000000000001,1.0,0.3767605633802817,0.0,0.5,0.6000000000000001
0.43137254901960786,0.5725503619212532,0.675,0.5,0.40492957746478875,0.0,0.75,0.8
0.7058823529411765,0.48461205464557894,0.375,0.5,0.3732394366197183,0.0,0.5,0.6000000000000001
0.607843137254902,0.7143389274244697,0.36250000000000004,0.25,0.3028169014084507,0.0,0.5,0.6000000000000001
0.6274509803921569,0.515186598342914,0.5,0.375,0.4929577464788732,0.0,1.0,0.8
0.0,0.5224552254583161,0.49375,0.125,0.2394366197183099,0.0,0.75,0.2
0.43137254901960786,0.41897292889430293,0.1875,0.125,0.6654929577464789,1.0,0.5,0.0
0.019607843137254943,0.4807260573234942,0.74375,0.75,0.5105633802816902,1.0,0.0,0.4
0.8431372549019608,0.5541673797706658,0.525,0.25,0.573943661971831,1.0,0.25,0.0
0.4901960784313726,0.14784911054957667,0.51875,0.0,0.41901408450704225,0.0,0.25,0.4
0.607843137254902,0.22073672871510402,0.43125,0.25,0.43661971830985913,0.0,1.0,0.4
0.09803921568627455,0.6418439359313809,0.525,0.75,0.5492957746478874,0.0,0.75,0.0
0.607843137254902,0.5265929065447845,0.325,0.5,0.29577464788732394,0.0,0.75,0.6000000000000001
0.05882352941176472,0.4551449195115322,0.16875,0.5,0.43661971830985913,0.0,0.25,0.8
0.1960784313725491,0.49589755464054525,0.25625,0.375,0.3485915492957746,0.0,0.0,0.2
0.3137254901960784,0.5621709234780683,0.25,0.5,0.3415492957746479,0.0,0.25,0.2
0.607843137254902,0.38350565281734805,0.2875,0.5,0.1302816901408451,0.0,0.25,0.2
0.6274509803921569,0.3354743232223576,0.55,0.25,0.7359154929577465,0.0,0.75,0.0
0.07843137254901966,0.5316165144818837,0.6625,0.25,0.38028169014084506,0.0,0.5,0.0
1.0,0.2951948535703859,0.35,0.625,0.7042253521126761,0.0,0.0,0.6000000000000001
0.6470588235294118,0.574392687076542,0.65625,0.625,0.6866197183098592,0.0,0.25,0.2
0.09803921568627455,0.14937934783702972,0.61875,0.375,0.27464788732394363,0.0,0.25,0.6000000000000001
0.4117647058823529,0.6994090465212269,0.6625,1.0,0.6338028169014085,0.0,0.5,1.0
0.1960784313725491,0.587339299916441,0.7000000000000001,0.625,0.9507042253521127,0.0,0.0,0.0
0.9215686274509803,0.5437376045746041,0.21250000000000002,0.5,0.8098591549295775,1.0,1.0,0.8
0.2941176470588236,0.6900464104861523,0.29375,0.5,0.4929577464788732,1.0,0.0,0.8
0.6274509803921569,0.8275261499431195,0.375,0.375,0.545774647887324,0.0,0.0,1.0
0.1568627450980392,0.6964291107509236,0.48750000000000004,1.0,0.3873239436619718,0.0,0.25,0.8
0.09803921568627455,0.6042826509347534,0.30000000000000004,0.625,0.5774647887323944,0.0,0.25,0.4
0.2941176470588236,0.234549133704483,0.2875,0.125,0.3732394366197183,1.0,1.0,0.2
0.5490196078431373,0.36638108948867926,0.51875,0.375,0.14084507042253522,0.0,1.0,0.8
0.03921568627450983,0.4974378592785737,0.5375000000000001,0.25,0.2676056338028169,0.0,1.0,0.4
0.37254901960784315,0.5964200501354058,0.28125,0.125,0.5035211267605634,0.0,0.75,1.0
0.6862745098039217,0.3460651760276248,0.14375,0.5,0.2992957746478873,0.0,0.5,0.4
0.3529411764705882,0.5297943240277456,0.575,0.625,0.4894366197183098,1.0,0.25,1.0
0.5686274509803921,0.3400952371364428,0.4,0.5,0.30985915492957744,0.0,0.25,0.6000000000000001
0.03921568627450983,0.5184484199293272,0.7312500000000001,1.0,0.3626760563380282,1.0,1.0,0.4
0.3529411764705882,0.20895792854194561,0.3875,0.5,0.6514084507042254,0.0,0.5,0.8
0.37254901960784315,0.30629914125499597,0.74375,0.5,0.5422535211267606,0.0,0.5,0.2
0.607843137254902,0.2200320141748296,0.1625,0.375,0.49999999999999994,1.0,0.75,0.0
0.11764705882352944,0.29569822109915334,0.36875,0.375,0.6549295774647887,1.0,0.25,0.6000000000000001
1.0,0.7043319809525727,0.45,0.25,0.5845070422535211,0.0,0.75,0.8
0.7843137254901961,0.4371847660851094,0.26875000000000004,0.625,0.7535211267605635,0.0,0.25,0.8
0.6274509803921569,1.0,0.68125,0.375,0.41901408450704225,0.0,1.0,0.0
0.7647058823529412,1.0,0.41875,0.125,0.426056338028169,0.0,1.0,0.0
0.7450980392156864,0.529401697355307,0.39375,1.0,0.27112676056338025,1.0,1.0,0.8
0.33333333333333337,0.3193564949512237,0.24375000000000002,0.5,0.426056338028169,1.0,0.5,0.0
0.7647058823529412,0.633196081787156,0.55625,1.0,0.6690140845070424,0.0,0.5,1.0
0.0,0.3762873624548228,0.44375000000000003,0.5,0.7288732394366197,0.0,0.25,0.0
0.1960784313725491,0.5167571050326685,0.19375,0.5,0.6690140845070424,0.0,0.0,0.0
0.607843137254902,1.0,0.2,0.0,0.18309859154929578,1.0,0.5,0.8
0.47058823529411764,0.4728433218229959,0.5875,0.5,0.6901408450704226,1.0,0.25,0.4
0.9607843137254902,0.7235908226032155,0.175,0.875,0.39788732394366194,1.0,0.75,0.8
0.43137254901960786,0.48963566258267816,0.275,0.625,0.6584507042253521,0.0,1.0,0.2
0.5882352941176471,0.48514562422607244,0.575,0.125,0.43661971830985913,0.0,1.0,0.0
0.5686274509803921,0.488910813341253,0.38125000000000003,0.5,0.6232394366197184,0.0,1.0,0.6000000000000001
0.8039215686274509,0.36594819341393925,0.35,0.5,0.2640845070422535,0.0,0.25,1.0
0.6666666666666666,0.8571140932840704,0.65625,0.375,0.7077464788732395,1.0,1.0,1.0
0.11764705882352944,0.5633085340930827,0.575,0.625,0.24295774647887328,0.0,0.5,0.6000000000000001
0.2941176470588236,0.3789350756561396,0.46875,0.5,0.38380281690140844,0.0,0.75,0.6000000000000001
0.5686274509803921,0.619524619705832,0.18125,0.625,0.323943661971831,0.0,1.0,0.8
0.9215686274509803,0.6880128056699318,0.4,0.5,0.19014084507042256,1.0,0.25,0.4
1.0,0.617390341383858,0.21875,0.375,0.47183098591549294,0.0,0.75,0.8
0.9411764705882354,0.17602762480997874,0.42500000000000004,0.5,0.4084507042253521,1.0,1.0,0.6000000000000001
0.019607843137254943,0.34578329021151505,0.6375000000000001,0.5,0.9683098591549296,1.0,0.0,0.6000000000000001
0.0,0.44234931693026347,0.3875,0.75,0.517605633802817,1.0,1.0,0.4
0.9215686274509803,0.477202484622122,0.5,0.625,0.6971830985915494,0.0,0.5,0.0
0.21568627450980393,0.617158792320625,0.65,0.375,0.5422535211267606,0.0,0.75,0.4
0.07843137254901966,0.5279721335736074,0.5625,0.875,0.5880281690140846,0.0,0.5,0.8
0.7058823529411765,0.22332403781296875,0.2,0.375,0.4401408450704225,0.0,0.0,0.0
0.607843137254902,0.5687348360531959,0.1375,0.25,0.5352112676056339,0.0,0.0,0.8
0.1568627450980392,0.6151251875044045,0.16875,0.5,0.5950704225352114,0.0,0.5,0.4
0.7843137254901961,0.6048967593198498,0.625,1.0,0.49647887323943657,0.0,0.75,0.0
0.6666666666666666,0.7097985523149872,0.14375,0.625,0.48591549295774644,1.0,0.0,0.4
0.3529411764705882,0.6600960425244888,0.14375,0.375,0.4894366197183098,0.0,0.0,0.2
0.9215686274509803,0.5846412499622474,0.29375,0.25,0.6443661971830986,0.0,1.0,0.6000000000000001
0.2941176470588236,0.47805820942102667,0.4,0.25,0.3133802816901408,1.0,0.25,0.0
0.03921568627450983,0.15775538351572016,0.33125000000000004,0.5,0.4894366197183098,1.0,0.0,0.6000000000000001
0.37254901960784315,0.5786914457722161,0.7000000000000001,0.125,0.8380281690140846,1.0,0.75,0.2
0.4509803921568628,0.5340024765682415,0.13125,0.625,0.7042253521126761,1.0,0.75,0.0
0.6274509803921569,0.5468685506035377,0.175,0.125,0.7359154929577465,1.0,1.0,1.0
0.4509803921568628,0.2351229726872779,0.325,0.5,0.5035211267605634,0.0,0.75,0.6000000000000001
1.0,0.4563429342299987,0.42500000000000004,0.25,0.5563380281690141,0.0,1.0,0.0
0.1960784313725491,0.7042413747973946,0.26875000000000004,0.625,0.6760563380281691,0.0,0.0,1.0
0.9411764705882354,0.4842194279731403,0.7125,0.25,0.7746478873239437,0.0,0.0,0.6000000000000001
0.13725490196078433,0.6294107579708248,1.0,0.5,0.15492957746478875,0.0,0.0,0.0
0.6862745098039217,0.49789089005446435,0.24375000000000002,0.125,0.2676056338028169,0.0,0.0,0.6000000000000001
0.5098039215686275,0.49818284322114953,0.325,0.625,0.7288732394366197,0.0,0.25,0.6000000000000001
0.7647058823529412,0.6811066031752423,0.18125,0.625,0.4507042253521127,0.0,0.25,0.8
0.37254901960784315,0.3882876443406389,0.2,0.75,0.38028169014084506,0.0,0.0,0.8
0.6666666666666666,0.5115422174346377,0.19375,0.625,0.278169014084507,1.0,0.75,0.2
0.9215686274509803,0.39911004620913915,0.41250000000000003,0.625,0.4014084507042253,0.0,1.0,0.8
0.47058823529411764,0.40470749312903326,0.225,0.375,0.2535211267605634,1.0,0.5,0.8
0.6666666666666666,0.42993627367085807,0.13125,0.375,0.869718309859155,0.0,1.0,0.2
0.47058823529411764,0.5369119408845174,0.51875,0.75,0.49647887323943657,1.0,0.5,0.6000000000000001
0.5490196078431373,0.3957978878698493,0.49375,0.5,0.4894366197183098,1.0,0.5,0.6000000000000001
0.33333333333333337,0.745034279328709,0.3125,0.5,0.6021126760563381,0.0,0.0,0.8
0.8823529411764707,0.3120576657840956,0.20625,0.875,0.6690140845070424,0.0,0.5,0.2
0.33333333333333337,0.45456101317816194,0.3375,0.375,0.6654929577464789,0.0,0.0,0.6000000000000001
0.019607843137254943,0.4036504213186216,0.15,0.125,0.6901408450704226,1.0,0.25,0.4
0.6666666666666666,0.7835318279288439,0.30000000000000004,0.25,0.3873239436619718,1.0,0.75,0.0
0.2941176470588236,0.531767524740514,0.71875,0.375,0.4471830985915493,0.0,0.5,0.0
0.7843137254901961,0.6999426161017205,0.49375,0.625,0.6338028169014085,0.0,0.75,0.0
0.6862745098039217,0.19307164933404475,0.29375,1.0,0.4084507042253521,0.0,0.0,0.8
0.6274509803921569,0.5459624890517563,0.55625,0.25,0.49999999999999994,0.0,0.5,0.0
0.05882352941176472,0.6713110710654276,0.28125,0.5,0.5704225352112676,0.0,1.0,0.0
0.6274509803921569,0.508753561325266,0.14375,0.25,0.6373239436619719,0.0,0.25,0.4
0.2549019607843137,0.7067179430389304,0.7312500000000001,0.125,0.18661971830985916,0.0,0.25,0.6000000000000001
0.3921568627450981,0.38803596057625517,0.55,0.375,0.6267605633802817,1.0,0.5,0.4
0.9215686274509803,0.775951112945606,0.28125,1.0,0.45774647887323944,0.0,0.25,0.8
0.37254901960784315,0.9550593470316416,0.25,0.375,0.6232394366197184,0.0,1.0,0.0
0.13725490196078433,0.4191340065035085,0.3375,0.5,0.545774647887324,0.0,0.75,0.6000000000000001
0.11764705882352944,0.4024826086518811,0.2875,0.875,0.7816901408450705,1.0,1.0,1.0
0.03921568627450983,0.7848204488024886,0.15625,0.875,0.7394366197183099,0.0,0.25,1.0
0.3137254901960784,0.8102304416546697,0.74375,0.5,0.7359154929577465,0.0,0.75,0.8
0.6274509803921569,0.3869084173118161,0.5062500000000001,0.25,0.7535211267605635,0.0,0.5,0.0
0.9215686274509803,0.4075867553935831,0.7000000000000001,1.0,0.5528169014084507,1.0,0.0,0.2
0.21568627450980393,0.43545318178614933,0.70625,0.125,0.5070422535211269,1.0,0.0,0.6000000000000001
0.9803921568627451,0.22148171265767988,0.18125,0.875,0.6549295774647887,1.0,0.75,0.6000000000000001
0.4117647058823529,0.3072152701573527,0.4375,0.75,0.6302816901408451,0.0,0.75,0.2
0.4117647058823529,0.29001016802408114,0.1625,0.625,0.4471830985915493,1.0,0.75,0.8
0.43137254901960786,0.33759853419375624,0.64375,1.0,0.5704225352112676,0.0,0.0,0.0
0.5686274509803921,0.48520602832952453,0.5,0.25,0.4929577464788732,0.0,1.0,0.0
0.7254901960784313,0.5393482397237519,0.4,0.625,0.3485915492957746,0.0,0.75,0.6000000000000001
0.7254901960784313,0.8043813109703919,0.19375,0.75,0.7288732394366197,0.0,0.0,0.8
0.8627450980392156,0.2911679133402463,0.5375000000000001,0.75,0.5105633802816902,1.0,0.75,0.8
0.9803921568627451,0.6903786330551388,0.40625,0.25,0.8591549295774649,0.0,0.75,0.8
0.6274509803921569,0.4491045091663227,0.58125,0.5,0.21478873239436622,0.0,0.75,0.0
0.5098039215686275,0.4822260925592212,0.65625,0.0,0.4014084507042253,0.0,0.0,0.8
0.5098039215686275,0.628061732993728,0.675,0.75,0.5070422535211269,0.0,1.0,0.2
0.6470588235294118,0.2661304124593531,0.7375,0.375,0.7007042253521127,0.0,0.0,0.4
0.3921568627450981,0.5691878668290865,0.6625,0.75,0.5704225352112676,0.0,0.0,0.8
0.5686274509803921,0.5257069796941538,0.14375,0.5,0.5563380281690141,0.0,0.75,0.4
0.6274509803921569,0.5913461054454299,0.6000000000000001,0.5,0.3028169014084507,0.0,0.5,0.0
0.4509803921568628,0.5504122580060605,0.7000000000000001,0.25,0.29577464788732394,0.0,0.5,0.8
0.9019607843137255,0.9865600869819089,0.3125,0.5,0.5563380281690141,1.0,0.5,0.6000000000000001
0.6274509803921569,0.3637837130402392,0.6875,0.5,0.2605633802816901,0.0,0.0,0.0
0.07843137254901966,0.38527750651860954,0.25625,0.375,0.45422535211267606,0.0,0.75,0.2
0.9215686274509803,0.3667233794082412,0.30000000000000004,0.25,0.5880281690140846,1.0,0.5,0.2
0.3529411764705882,0.38034450473668846,0.6875,0.25,0.6338028169014085,1.0,0.5,0.4
0.05882352941176472,0.4493259908789804,0.5125,0.5,0.7816901408450705,0.0,0.25,0.4
0.6666666666666666,0.731594366310618,0.33125000000000004,1.0,0.6232394366197184,0.0,0.25,0.6000000000000001
0.9411764705882354,0.7782061994744842,0.65625,0.125,0.22183098591549297,1.0,1.0,0.6000000000000001
0.4509803921568628,0.377273962811207,0.34375,0.5,0.3345070422535211,0.0,0.75,0.2
0.8431372549019608,0.32459151725040525,0.45,0.25,0.09859154929577464,0.0,0.0,0.8
0.5294117647058824,0.6041215733255478,0.3375,0.375,0.3626760563380282,0.0,0.75,0.2
0.5686274509803921,0.38099888252408615,0.48750000000000004,0.625,0.6338028169014085,0.0,0.75,0.2
0.5490196078431373,0.6196252932115854,0.44375000000000003,0.5,0.426056338028169,1.0,0.25,0.6000000000000001
0.8823529411764707,0.5330460782635833,0.41875,0.375,0.5809859154929577,0.0,0.75,0.4
0.09803921568627455,0.18700103693710926,0.6375000000000001,0.375,0.2323943661971831,0.0,1.0,0.6000000000000001
0.6666666666666666,0.803777269935871,0.48750000000000004,0.5,0.6408450704225352,0.0,0.5,0.6000000000000001
0.7843137254901961,0.8537818002436298,0.59375,0.875,0.4014084507042253,0.0,0.5,0.6000000000000001
0.7058823529411765,0.3688073209773384,0.48125,0.5,0.5035211267605634,0.0,1.0,0.2
0.4509803921568628,0.41412046591698465,0.26875000000000004,0.625,0.5985915492957747,0.0,0.75,0.8
0.5490196078431373,0.5497478128680875,0.42500000000000004,0.25,0.27464788732394363,1.0,0.5,0.2
0.9411764705882354,0.5595332776273267,0.2625,0.375,0.29577464788732394,0.0,0.75,0.0
0.8823529411764707,0.6247797767061642,0.23125,0.5,0.6690140845070424,1.0,0.5,0.6000000000000001
0.5882352941176471,0.8969405321601513,0.55625,0.625,0.5704225352112676,0.0,0.75,1.0
0.6666666666666666,0.4565644159426564,0.19375,0.75,0.6830985915492959,0.0,0.75,0.0
0.6274509803921569,0.3314574503427933,0.7125,0.5,0.44366197183098594,0.0,0.25,0.6000000000000001
1.0,0.21446476930666156,0.21875,0.125,0.5246478873239437,0.0,1.0,0.6000000000000001
0.3921568627450981,0.3450181715677885,0.69375,0.625,0.1971830985915493,1.0,0.0,0.6000000000000001
0.607843137254902,0.48551811619736035,0.34375,0.375,0.4507042253521127,1.0,1.0,0.0
0.43137254901960786,0.8535200491286707,0.33125000000000004,0.125,0.49647887323943657,0.0,0.75,0.2
0.6274509803921569,0.5575902789662844,0.65,0.375,0.8450704225352114,0.0,0.75,0.6000000000000001
0.03921568627450983,0.5372441634535039,0.225,0.125,0.619718309859155,1.0,1.0,0.8
0.33333333333333337,0.4888806112895269,0.3375,0.25,0.7711267605633804,0.0,0.75,0.0
0.47058823529411764,0.7314634907531384,0.5375000000000001,0.375,0.6056338028169015,0.0,0.5,0.4
0.8039215686274509,1.0,0.74375,0.75,0.3732394366197183,1.0,0.75,0.0
0.5882352941176471,0.38529764121976023,0.375,0.5,0.5211267605633804,0.0,1.0,0.2
0.03921568627450983,0.39364347484672463,0.30000000000000004,0.5,0.5422535211267606,1.0,1.0,0.0
0.7647058823529412,0.7024292516938317,0.41875,0.75,0.3345070422535211,1.0,1.0,1.0
0.8823529411764707,0.6294812294248522,0.36875,1.0,0.43309859154929575,1.0,0.25,0.8
0.4509803921568628,0.8640202957787598,0.5625,0.75,0.4647887323943662,0.0,0.25,0.4
0.9607843137254902,0.6097592896477434,0.42500000000000004,0.625,0.7816901408450705,0.0,0.25,0.0
0.607843137254902,0.4198487883943583,0.25,0.625,0.13380281690140847,0.0,0.25,0.4
0.9019607843137255,0.6111183819754155,0.13125,1.0,0.7112676056338029,0.0,0.25,0.0
0.4117647058823529,0.7154262012866074,0.575,0.125,0.3345070422535211,0.0,0.25,0.8
0.43137254901960786,0.6573879252197199,0.6687500000000001,0.25,0.6830985915492959,0.0,0.25,0.8
0.019607843137254943,0.5943260412157332,0.51875,1.0,0.7077464788732395,0.0,1.0,0.2
0.5098039215686275,0.7069595594527388,0.54375,0.25,0.6302816901408451,1.0,0.0,1.0
0.8039215686274509,0.7276177628333551,0.15,0.875,0.721830985915493,0.0,0.25,0.6000000000000001
0.019607843137254943,0.7704845415831916,0.48750000000000004,0.5,0.6408450704225352,0.0,1.0,0.4
0.4901960784313726,0.6228065759933958,0.28125,0.375,0.8626760563380282,0.0,0.0,0.4
0.3137254901960784,0.4585376166554248,0.41875,1.0,0.5985915492957747,0.0,0.5,0.0
0.7647058823529412,0.4910551590138023,0.36250000000000004,0.125,0.47183098591549294,0.0,0.0,0.8
0.6274509803921569,0.552848556845295,0.21875,0.5,0.5598591549295775,0.0,0.0,0.2
0.47058823529411764,0.3277023285781881,0.51875,1.0,0.7183098591549296,1.0,0.5,0.2
0.823529411764706,0.5664193454208656,0.25625,0.5,0.3626760563380282,0.0,0.75,0.2
0.4117647058823529,0.41299292265254556,0.74375,0.375,0.38380281690140844,0.0,0.5,0.6000000000000001
0.7450980392156864,0.49797142885906714,0.48125,0.75,0.4471830985915493,1.0,0.0,0.8
0.5490196078431373,0.7496048564899175,0.45625000000000004,0.25,0.1302816901408451,1.0,1.0,0.2
0.8039215686274509,0.5306601161772256,0.41250000000000003,0.625,0.5246478873239437,0.0,0.25,0.6000000000000001
0.4901960784313726,0.5015352709627408,0.21250000000000002,0.25,0.16901408450704228,1.0,0.75,0.4
0.6666666666666666,0.21838096868047235,0.75,0.25,0.5105633802816902,0.0,0.25,0.0
0.9607843137254902,0.6424479769659018,0.6000000000000001,0.375,0.6514084507042254,1.0,1.0,0.8
0.47058823529411764,0.6221521982059981,0.23125,0.0,0.4154929577464789,0.0,0.75,0.8
0.4509803921568628,0.927756692271295,0.36875,0.125,0.795774647887324,0.0,0.5,0.4
0.23529411764705888,0.43021815948696784,0.18125,0.375,0.24295774647887328,1.0,0.0,0.8
0.37254901960784315,0.5363179672005718,0.74375,0.5,0.7112676056338029,0.0,1.0,0.8
0.6862745098039217,0.5423986469480826,0.60625,0.875,0.619718309859155,0.0,0.0,0.8
0.8627450980392156,0.8098076129305051,0.61875,0.75,0.1971830985915493,0.0,0.0,0.8
0.13725490196078433,0.4293221652857618,0.6375000000000001,0.75,0.9788732394366197,0.0,0.25,0.6000000000000001
0.0,0.5483685858392646,0.7312500000000001,0.125,0.4894366197183098,0.0,1.0,0.6000000000000001
0.13725490196078433,0.6145815505733356,0.1625,0.625,0.34507042253521125,0.0,0.0,0.0
0.8823529411764707,0.5297641219760195,0.69375,0.875,0.2535211267605634,0.0,0.5,0.8
0.2941176470588236,0.40230139634152484,0.26875000000000004,0.625,0.4612676056338028,0.0,0.75,0.4
0.2549019607843137,0.5312641572117466,0.49375,0.375,0.4788732394366197,0.0,1.0,0.2
0.21568627450980393,0.7083589211827123,0.69375,0.375,0.517605633802817,0.0,0.25,0.0
0.9803921568627451,0.2854999949663247,0.7375,0.375,0.4471830985915493,0.0,1.0,0.2
0.43137254901960786,0.51896185480867,0.41250000000000003,0.0,0.6126760563380282,1.0,0.25,0.2
0.27450980392156865,0.3512196595222036,0.36250000000000004,0.625,0.43309859154929575,0.0,0.75,0.8
0.5294117647058824,0.7328024483796599,0.48750000000000004,0.875,0.15845070422535212,0.0,0.5,0.4
0.6470588235294118,0.18550100170138223,0.75,0.5,0.4753521126760563,1.0,0.0,0.2
0.019607843137254943,0.3796498575469894,0.575,0.75,0.08450704225352113,1.0,1.0,0.2
0.607843137254902,0.5681408623692502,0.5125,0.625,0.5633802816901409,0.0,0.25,0.0
0.43137254901960786,0.8074015161429966,0.34375,0.625,0.3274647887323944,1.0,0.75,0.4
0.4117647058823529,0.4789441362716574,0.24375000000000002,0.375,0.5281690140845071,0.0,0.0,0.4
0.9803921568627451,0.38040490884014055,0.3125,0.25,0.7323943661971831,1.0,0.75,0.2
0.47058823529411764,0.8709567003251754,0.6125,0.625,0.3345070422535211,0.0,0.5,0.4
0.4117647058823529,0.20063222961613192,0.43125,0.25,0.5528169014084507,0.0,0.0,0.0
0.4117647058823529,0.04946089337669006,0.28125,1.0,0.4225352112676056,0.0,0.0,0.0
0.9411764705882354,0.5807854546918887,0.375,0.5,0.8098591549295775,1.0,0.0,0.0
1.0,0.39109643515116127,0.675,0.625,0.43661971830985913,0.0,0.25,0.8
0.8039215686274509,0.2865671341273117,0.21250000000000002,0.625,0.352112676056338,0.0,0.0,0.2
0.09803921568627455,0.6348169252297873,0.2875,0.375,0.619718309859155,0.0,0.75,0.4
0.27450980392156865,0.5412811710342189,0.6687500000000001,0.625,0.4225352112676056,0.0,0.25,0.0
0.823529411764706,0.37861292043772843,0.2625,0.5,0.352112676056338,1.0,0.0,0.2
0.7058823529411765,0.23439812344585276,0.42500000000000004,0.25,0.4154929577464789,0.0,0.75,0.2
0.6274509803921569,0.667857969818083,0.64375,0.125,0.4929577464788732,0.0,0.75,0.8
0.13725490196078433,0.6231085965106563,0.44375000000000003,0.25,0.7359154929577465,0.0,0.25,0.4
0.8431372549019608,0.47221914608732424,0.14375,0.125,0.15845070422535212,0.0,0.75,0.4
0.8431372549019608,0.3602702076894424,0.3875,0.875,0.5035211267605634,0.0,0.5,0.0
0.07843137254901966,0.27673133261519567,0.24375000000000002,0.75,0.6091549295774649,0.0,0.0,0.0
0.7450980392156864,0.18502783622434082,0.58125,0.375,0.5352112676056339,0.0,0.0,0.2
0.05882352941176472,0.3528707050165608,0.30000000000000004,0.25,0.7288732394366197,0.0,0.0,0.4
0.09803921568627455,0.48301134590409844,0.65,0.25,0.48591549295774644,0.0,0.25,0.4
0.8627450980392156,0.5411804975284654,0.40625,0.625,0.46830985915492956,0.0,0.75,0.0
0.607843137254902,0.44361780310275745,0.5687500000000001,0.5,0.6056338028169015,0.0,0.0,0.6000000000000001
1.0,0.5630769850298497,0.6125,0.0,0.517605633802817,0.0,0.25,0.2
0.5686274509803921,0.24019691737725382,0.51875,0.875,0.4295774647887324,0.0,0.25,0.4
0.607843137254902,0.7828875174920216,0.58125,1.0,0.591549295774648,0.0,0.5,0.8
0.6666666666666666,0.4756420452829429,0.24375000000000002,0.375,0.38380281690140844,0.0,1.0,0.8
0.7647058823529412,0.717147718234992,0.41875,0.75,0.3908450704225352,0.0,0.5,0.6000000000000001
1.0,0.5611943904722594,0.21250000000000002,0.25,0.4084507042253521,1.0,0.0,0.0
0.2941176470588236,0.5841580171346307,0.36250000000000004,0.75,0.7394366197183099,0.0,0.0,1.0
0.23529411764705888,0.6069102294349196,0.45625000000000004,0.625,0.0,0.0,0.0,0.0
0.9607843137254902,0.5823358266804924,0.5062500000000001,0.625,0.5704225352112676,1.0,1.0,0.8
0.8039215686274509,0.6215984939243538,0.35,0.875,0.5070422535211269,0.0,0.75,0.0
0.3529411764705882,0.7598131499733215,0.375,0.125,0.20422535211267606,0.0,1.0,0.8
0.3529411764705882,0.5998530166815998,0.63125,0.375,0.5528169014084507,0.0,0.5,0.6000000000000001
0.2549019607843137,0.6349478007872668,0.3125,1.0,0.5845070422535211,0.0,0.25,0.2
0.5294117647058824,0.4741218753460652,0.18125,0.375,0.6021126760563381,0.0,0.75,0.4
0.5294117647058824,0.7821526009000211,0.525,0.375,0.03169014084507042,0.0,0.5,0.6000000000000001
0.4901960784313726,0.35600165104549436,0.33125000000000004,0.25,0.7394366197183099,1.0,0.75,0.8
0.7058823529411765,0.8547986026517401,0.45,0.375,0.36971830985915494,1.0,0.25,0.6000000000000001
0.4901960784313726,0.48409861976623614,0.48750000000000004,0.375,0.619718309859155,0.0,0.75,0.4
0.43137254901960786,0.20410546556462736,0.21250000000000002,0.625,0.6302816901408451,0.0,0.5,0.2
0.1568627450980392,0.517985321802861,0.59375,0.75,0.34507042253521125,0.0,0.5,0.4
0.21568627450980393,0.35505532009141155,0.45625000000000004,0.25,0.6161971830985916,0.0,1.0,0.8
0.0,0.6614450675015856,0.74375,0.625,0.43309859154929575,0.0,1.0,1.0
0.0,0.3607836425687852,0.49375,0.875,0.13380281690140847,1.0,1.0,0.6000000000000001
0.9019607843137255,0.4023517330944016,0.6125,0.75,0.7042253521126761,0.0,0.75,0.0
0.6470588235294118,0.11173752403579951,0.7125,0.25,0.3626760563380282,1.0,0.25,0.6000000000000001
0.607843137254902,0.4011134489736336,0.38125000000000003,0.375,0.3485915492957746,1.0,0.5,0.8
0.9215686274509803,0.004147748437043823,0.55,0.625,0.4295774647887324,1.0,0.5,0.2
0.47058823529411764,0.17326917075233308,0.55,0.875,0.5492957746478874,0.0,0.5,0.4
0.7647058823529412,0.6452970371787257,0.7000000000000001,0.25,0.4894366197183098,0.0,0.75,0.2
0.8627450980392156,0.650411251271003,0.175,0.375,0.5950704225352114,0.0,0.75,0.8
0.0,0.5778558556744621,0.5687500000000001,0.25,0.2640845070422535,0.0,1.0,0.4
0.2941176470588236,0.5753490853812002,0.6625,0.875,0.36971830985915494,0.0,0.75,0.6000000000000001
0.7450980392156864,0.48257844982935844,0.38125000000000003,0.0,0.4788732394366197,0.0,1.0,0.6000000000000001
0.07843137254901966,0.4914578530368163,0.46875,0.25,0.8345070422535212,0.0,1.0,0.8
0.4117647058823529,0.2589523914991292,0.225,0.75,0.4788732394366197,0.0,0.5,0.4
0.5490196078431373,0.7948877993778377,0.70625,0.5,0.6091549295774649,1.0,0.75,0.6000000000000001
0.7254901960784313,0.6688445701744672,0.5125,1.0,0.5070422535211269,0.0,1.0,0.8
0.37254901960784315,0.44769508008577386,0.42500000000000004,0.5,0.4154929577464789,0.0,0.25,0.8
0.4901960784313726,0.4975989368877793,0.3125,0.375,0.45774647887323944,0.0,0.25,0.2
0.2941176470588236,0.5341434194762964,0.2,0.625,0.47183098591549294,1.0,0.75,0.6000000000000001
0.9803921568627451,0.08109250888443689,0.34375,0.75,0.6056338028169015,0.0,0.5,0.4
0.7058823529411765,0.4424197883842909,0.19375,0.25,0.7429577464788732,0.0,0.5,0.6000000000000001
0.4117647058823529,0.35487410778105527,0.525,0.625,0.5633802816901409,0.0,1.0,0.6000000000000001
0.5490196078431373,0.2905135355528486,0.4375,0.75,0.7077464788732395,1.0,0.75,0.6000000000000001
0.2549019607843137,0.43558405734362887,0.65625,0.625,0.6338028169014085,1.0,0.25,0.8
0.6470588235294118,0.8541442248643424,0.25625,0.375,0.6232394366197184,0.0,1.0,0.0
0.07843137254901966,0.6212159346024906,0.55625,0.375,0.3732394366197183,0.0,1.0,0.0
0.9019607843137255,0.37718335665602887,0.42500000000000004,0.25,0.5563380281690141,0.0,0.0,0.2
0.9411764705882354,0.6074740010671391,0.25,0.375,0.43661971830985913,0.0,0.75,1.0
0.5686274509803921,0.7739477101811116,0.54375,0.125,0.6267605633802817,0.0,1.0,0.0
0.8823529411764707,0.6783582164681721,0.4,0.75,0.3345070422535211,1.0,0.25,0.2
0.5294117647058824,0.5041930515146329,0.33125000000000004,0.625,0.5070422535211269,1.0,0.0,1.0
0.07843137254901966,0.361931320534375,0.58125,0.75,0.619718309859155,0.0,0.25,0.6000000000000001
0.21568627450980393,0.6327732530629914,0.5062500000000001,0.5,0.13732394366197184,0.0,0.5,0.4
0.2941176470588236,0.5714127513062387,0.18125,0.375,0.8732394366197184,0.0,0.0,0.8
0.4901960784313726,0.6724285469792914,0.55,0.5,0.4507042253521127,1.0,0.0,0.2
0.4901960784313726,0.6200783239874762,0.34375,0.375,0.1443661971830986,1.0,1.0,0.8
0.9215686274509803,0.7035165255559694,0.63125,0.75,0.5281690140845071,0.0,0.5,0.4
0.3921568627450981,0.38442178171970487,0.6375000000000001,0.5,0.5070422535211269,0.0,1.0,0.8
0.7450980392156864,0.7574372552375391,0.675,0.625,0.48591549295774644,0.0,0.75,0.2
0.6862745098039217,0.531968871752021,0.7250000000000001,0.5,0.6760563380281691,0.0,0.25,0.4
0.6274509803921569,0.9100381552586806,0.53125,0.125,0.6302816901408451,1.0,0.25,0.4
0.5686274509803921,0.353424409298205,0.175,0.375,0.5528169014084507,0.0,1.0,0.8
0.7058823529411765,0.8417211142543617,0.40625,0.375,0.5809859154929577,1.0,1.0,0.4
0.43137254901960786,0.5320393432060484,0.6687500000000001,0.625,0.48239436619718307,0.0,0.25,0.8
0.17647058823529416,0.3610252589825936,0.41875,1.0,0.8133802816901409,1.0,0.75,0.6000000000000001
0.5882352941176471,0.39476095076058837,0.375,0.375,0.2394366197183099,0.0,0.5,0.4
0.6862745098039217,0.42769125449255524,0.6000000000000001,0.875,0.5246478873239437,1.0,0.0,0.8
0.6470588235294118,0.577594104559503,0.4625,0.5,0.5105633802816902,0.0,1.0,0.6000000000000001
1.0,0.5974569872446668,0.6000000000000001,0.25,0.6443661971830986,0.0,1.0,0.4
0.5882352941176471,0.37666992177668607,0.41250000000000003,0.5,0.352112676056338,0.0,0.75,0.6000000000000001
0.17647058823529416,0.5611742557711087,0.41875,0.0,0.19366197183098594,0.0,0.75,0.4
0.3529411764705882,0.9235284050296483,0.21875,0.875,0.5281690140845071,0.0,0.0,0.2
0.607843137254902,0.8400197320071277,0.24375000000000002,0.625,0.5492957746478874,0.0,0.5,0.2
0.0,0.5800404707493129,0.2875,0.375,0.7605633802816902,1.0,1.0,0.8
0.07843137254901966,0.49984395606608206,0.45,0.75,0.27464788732394363,0.0,0.75,0.0
0.8627450980392156,0.5163544110096545,0.70625,0.5,0.7042253521126761,1.0,1.0,0.2
0.05882352941176472,0.61571916118835,0.2625,0.75,0.915492957746479,1.0,0.25,0.0
0.2941176470588236,0.2862550462594759,0.25625,0.25,0.43309859154929575,0.0,1.0,1.0
0.4509803921568628,0.4403660488669197,0.44375000000000003,1.0,0.27112676056338025,0.0,0.5,0.6000000000000001
0.2941176470588236,0.1562251462282671,0.36250000000000004,0.375,0.4295774647887324,0.0,0.5,0.0
0.019607843137254943,0.5725704966224039,0.25,0.125,0.5035211267605634,0.0,1.0,0.8
0.9411764705882354,0.62249448812556,0.35625,0.375,0.5985915492957747,0.0,0.25,0.4
0.5294117647058824,0.39490189366864326,0.44375000000000003,0.625,0.39436619718309857,1.0,0.5,0.0
0.607843137254902,0.8091028983902306,0.15,0.125,0.7746478873239437,0.0,0.75,0.0
0.5098039215686275,0.24538160292355862,0.46875,0.0,0.3028169014084507,0.0,1.0,0.0
0.37254901960784315,0.19734020597799276,0.5687500000000001,0.75,0.19366197183098594,0.0,0.25,0.0
0.4509803921568628,0.5373851063615588,0.7000000000000001,0.75,0.693661971830986,1.0,0.75,0.0
0.21568627450980393,0.703013158027202,0.30000000000000004,0.625,0.09859154929577464,0.0,1.0,0.8
0.9607843137254902,0.8312410023054233,0.15,0.875,0.4647887323943662,0.0,0.25,0.2
0.6666666666666666,0.3924353927776827,0.2625,0.75,1.0,0.0,0.75,0.4
0.6274509803921569,0.4892732379619656,0.6000000000000001,0.5,0.49647887323943657,0.0,0.5,0.2
0.6274509803921569,0.48443084233522266,0.40625,0.625,0.3028169014084507,1.0,1.0,0.0
0.9803921568627451,0.4574302080921364,0.54375,0.625,0.4894366197183098,1.0,0.25,0.2
0.823529411764706,0.6701130563469612,0.6625,0.75,0.4894366197183098,0.0,0.5,0.8
0.7058823529411765,0.623531425234821,0.5375000000000001,0.5,0.5281690140845071,0.0,0.0,0.6000000000000001
0.21568627450980393,0.17478934068921081,0.675,0.25,0.6161971830985916,0.0,0.75,0.2
0.03921568627450983,0.7894816321188752,0.3375,0.25,0.49647887323943657,0.0,0.5,0.4
0.0,0.7700617128590268,0.69375,0.0,0.795774647887324,0.0,1.0,0.8
0.6274509803921569,0.366230079230049,0.46875,0.5,0.5422535211267606,0.0,0.75,0.6000000000000001
0.7647058823529412,0.5718859167832802,0.13125,0.25,0.6267605633802817,0.0,0.75,0.8
0.17647058823529416,0.5916581933132657,0.575,1.0,0.3485915492957746,1.0,0.0,0.0
0.823529411764706,0.5446738681781116,0.6687500000000001,0.875,0.7253521126760564,0.0,1.0,0.6000000000000001
0.8431372549019608,0.3813814418459494,0.36250000000000004,0.625,0.45422535211267606,1.0,0.25,0.4
0.5490196078431373,0.3569580493501525,0.1625,0.125,0.5492957746478874,0.0,0.0,0.6000000000000001
0.23529411764705888,0.48703828613423805,0.6625,0.25,0.3345070422535211,0.0,0.5,0.4
0.21568627450980393,0.6728312410023054,0.28125,0.125,0.323943661971831,1.0,0.75,0.0
0.5882352941176471,0.601645005084012,0.48750000000000004,0.625,0.619718309859155,0.0,0.25,0.4
0.8823529411764707,0.417563499813754,0.23125,0.375,0.4225352112676056,0.0,0.0,0.8
0.019607843137254943,0.6475621910581791,0.5062500000000001,0.5,0.3485915492957746,0.0,0.75,0.2
0.9803921568627451,0.0,0.2,0.875,0.3873239436619718,0.0,0.5,0.8
0.9607843137254902,0.723490149097462,0.1625,0.625,0.6232394366197184,1.0,0.5,0.8
0.6666666666666666,0.14189930635954534,0.6875,0.25,0.3908450704225352,1.0,0.0,0.6000000000000001
0.3921568627450981,0.4192145453081113,0.29375,0.5,0.4788732394366197,0.0,0.75,0.0
0.3137254901960784,0.2667445208444494,0.48125,0.625,0.5035211267605634,1.0,0.25,0.2
0.4901960784313726,0.23150879383072756,0.64375,0.25,0.1619718309859155,0.0,0.0,0.4
0.13725490196078433,0.7259163805861211,0.53125,0.875,0.2394366197183099,0.0,1.0,0.6000000000000001
0.5490196078431373,0.4935417946059136,0.48125,0.875,0.5598591549295775,0.0,0.75,0.0
0.4901960784313726,0.5619595091159859,0.70625,0.5,0.36971830985915494,0.0,1.0,0.2
0.17647058823529416,0.482739527438564,0.74375,0.375,0.6866197183098592,0.0,1.0,0.8
0.4901960784313726,0.5882352941176471,0.375,0.625,0.6690140845070424,0.0,0.0,0.0
0.6470588235294118,0.507656220112553,0.21250000000000002,0.625,0.6267605633802817,0.0,0.75,0.0
0.9803921568627451,0.23386455386535923,0.34375,0.5,0.8204225352112676,0.0,1.0,0.0
0.7843137254901961,0.6927847298426473,0.42500000000000004,0.625,0.48591549295774644,0.0,0.75,0.8
0.11764705882352944,0.39276761534666926,0.65,0.75,0.6126760563380282,1.0,0.5,0.4
0.05882352941176472,0.17877601151704905,0.47500000000000003,0.25,0.39788732394366194,1.0,1.0,0.6000000000000001
0.9607843137254902,0.4059860466521026,0.43125,1.0,0.9330985915492959,0.0,1.0,0.4
0.8627450980392156,0.5134046772910773,0.20625,0.125,0.8485915492957747,0.0,0.5,0.2
0.1960784313725491,0.6633779988120526,0.5062500000000001,0.0,0.5035211267605634,1.0,0.5,0.6000000000000001
0.5490196078431373,0.4219830667163323,0.43125,0.625,0.5669014084507042,1.0,1.0,0.2
0.6862745098039217,0.4218622585094281,0.41250000000000003,0.375,0.7394366197183099,1.0,0.0,0.8
0.47058823529411764,0.47970925491538396,0.5125,0.625,0.4753521126760563,0.0,0.75,0.4
0.3921568627450981,0.9103301084253657,0.175,0.375,0.38380281690140844,1.0,0.75,0.0
0.6862745098039217,0.569087193323333,0.39375,0.5,0.6549295774647887,0.0,1.0,0.6000000000000001
0.17647058823529416,0.5787719845768189,0.25,0.125,0.5140845070422536,1.0,0.5,0.0
0.7058823529411765,0.6996305282338846,0.7312500000000001,0.5,0.5316901408450705,1.0,1.0,1.0
0.1568627450980392,0.5402643686261086,0.6875,0.375,0.5704225352112676,0.0,0.25,0.0
0.4509803921568628,0.4400338262979332,0.36875,0.375,0.1971830985915493,1.0,1.0,0.0
0.6666666666666666,0.4526582839194209,0.31875,0.5,0.5422535211267606,0.0,0.25,0.8
0.9411764705882354,0.47776625625434155,0.43125,0.25,0.6584507042253521,1.0,0.0,0.8
0.6666666666666666,0.48469259345018173,0.525,0.25,0.4612676056338028,0.0,0.75,0.4
0.9215686274509803,0.6386928552012966,0.5125,0.375,0.7535211267605635,1.0,0.75,0.2
0.6862745098039217,0.5026426795260291,0.4625,0.875,0.3767605633802817,0.0,0.5,0.8
0.33333333333333337,0.6396995902588315,0.18125,0.5,0.3133802816901408,1.0,1.0,0.8
0.9411764705882354,0.475933998449628,0.675,0.375,0.4894366197183098,0.0,0.0,0.4
0.7450980392156864,0.5080186447332655,0.35625,0.375,0.48591549295774644,0.0,0.25,0.6000000000000001
0.607843137254902,0.0898511038849906,0.43125,0.375,0.6338028169014085,0.0,0.5,0.4
0.4509803921568628,0.6766870362726641,0.38125000000000003,0.375,0.3626760563380282,1.0,0.0,0.0
0.5882352941176471,0.5619494417654106,0.23125,0.75,0.7394366197183099,0.0,0.0,0.0
0.607843137254902,0.6931370871127845,0.675,0.875,0.8450704225352114,0.0,0.25,0.8
0.7058823529411765,0.0,0.25625,0.75,0.7183098591549296,0.0,0.25,0.8
0.21568627450980393,0.912675801109422,0.44375000000000003,0.25,0.7183098591549296,1.0,0.75,0.4
0.9411764705882354,0.4640847268224422,0.36250000000000004,0.625,0.3133802816901408,0.0,1.0,0.4
0.23529411764705888,0.7153154604302785,0.36875,0.625,0.6901408450704226,0.0,0.5,0.2
0.43137254901960786,0.2828019450121312,0.46875,0.375,0.6830985915492959,0.0,1.0,0.0
0.47058823529411764,0.6155681509297198,0.38125000000000003,0.625,0.6514084507042254,0.0,0.5,0.4
0.6666666666666666,0.4973573204739709,0.36875,1.0,0.49647887323943657,0.0,0.0,0.6000000000000001
0.7843137254901961,0.36659250385076164,0.20625,0.625,0.0,0.0,0.25,0.2
0.607843137254902,0.22755232505461537,0.525,0.375,0.3873239436619718,1.0,0.25,0.4
0.3137254901960784,0.4537958945344354,0.19375,0.625,0.3908450704225352,0.0,0.0,0.8
0.9411764705882354,0.5359656099304346,0.24375000000000002,0.75,0.3274647887323944,0.0,0.0,0.4
0.37254901960784315,0.6673747369904662,0.19375,0.375,0.5211267605633804,0.0,0.5,0.8
0.9215686274509803,0.5919904158822522,0.60625,0.25,0.426056338028169,0.0,0.0,0.8
0.47058823529411764,0.5224753601594668,0.53125,0.375,0.3556338028169014,0.0,0.5,0.0
0.4117647058823529,0.5656743614782898,0.40625,0.5,0.3133802816901408,1.0,1.0,0.0
0.23529411764705888,0.9761101770846966,0.13125,0.25,0.3732394366197183,0.0,0.25,0.4
0.3529411764705882,0.48058511441543933,0.45625000000000004,0.625,0.6971830985915494,0.0,0.25,0.4
0.9411764705882354,0.5326735862922954,0.24375000000000002,0.25,0.38380281690140844,0.0,0.25,0.6000000000000001
0.6862745098039217,0.7037380072686271,0.6000000000000001,0.5,0.4084507042253521,1.0,1.0,0.2
0.21568627450980393,0.714781890849785,0.575,0.5,0.41901408450704225,0.0,1.0,0.2
0.7843137254901961,0.7311916722876041,0.575,0.5,0.5598591549295775,0.0,0.75,0.4
0.3529411764705882,0.6207931058783259,0.5062500000000001,0.625,0.5809859154929577,0.0,0.5,0.0
0.21568627450980393,0.7390442057363763,0.2,0.625,0.48591549295774644,1.0,0.5,0.6000000000000001
0.1568627450980392,0.8210729782243207,0.5062500000000001,0.625,0.6795774647887325,1.0,0.75,0.2
0.11764705882352944,0.2613786229877883,0.33125000000000004,0.5,0.49647887323943657,0.0,0.25,1.0
0.5294117647058824,0.5531203753108295,0.40625,0.75,0.3133802816901408,0.0,0.5,0.0
0.2549019607843137,0.3403167188491005,0.6875,0.25,0.6338028169014085,1.0,0.5,0.0
0.5882352941176471,0.4792763588406439,0.5,0.5,0.41901408450704225,0.0,0.25,0.0
1.0,0.558385599661737,0.55625,0.75,0.36619718309859156,0.0,0.0,0.8
0.3529411764705882,0.5568956317765853,0.175,0.125,0.5387323943661972,0.0,0.25,0.0
0.9019607843137255,0.5771410737836123,0.28125,0.875,0.15845070422535212,0.0,0.75,0.4
0.2941176470588236,0.8171064420976332,0.69375,0.375,0.3028169014084507,0.0,0.25,0.6000000000000001
0.07843137254901966,0.5835036393472329,0.41250000000000003,0.125,0.7711267605633804,1.0,0.25,0.4
0.6666666666666666,0.44302382941881185,0.6687500000000001,0.5,0.3380281690140845,0.0,0.5,1.0
0.21568627450980393,0.6863013560721225,0.3125,0.5,0.49647887323943657,0.0,0.75,0.6000000000000001
0.47058823529411764,0.7316849724657961,0.41875,0.375,0.5633802816901409,1.0,0.75,0.2
1.0,0.2450091109522707,0.6687500000000001,0.625,0.5211267605633804,0.0,0.5,0.2
0.3921568627450981,0.6124774743030876,0.43125,0.875,0.6126760563380282,0.0,0.25,0.4
0.6862745098039217,0.633367226746937,0.41875,0.375,0.3767605633802817,0.0,0.25,0.6000000000000001
0.43137254901960786,0.43227189900433904,0.65,0.25,0.41901408450704225,1.0,1.0,0.4
0.2941176470588236,0.7691858533589715,0.6375000000000001,0.625,0.5422535211267606,1.0,0.5,0.6000000000000001
0.7450980392156864,0.4619705832016189,0.2375,0.375,0.5845070422535211,1.0,0.5,0.6000000000000001
0.8627450980392156,0.5174718869235183,0.5375000000000001,0.125,0.6232394366197184,1.0,0.5,0.4
0.8039215686274509,0.4573396019369583,0.55,0.25,0.7077464788732395,0.0,0.5,0.6000000000000001
0.7450980392156864,0.0,0.7125,0.0,0.5704225352112676,0.0,0.5,1.0
0.2549019607843137,0.2714560409137128,0.33125000000000004,1.0,0.25704225352112675,1.0,0.5,1.0
0.5882352941176471,0.2022329383576124,0.35,0.5,0.4154929577464789,0.0,0.5,0.6000000000000001
0.07843137254901966,0.813240579476699,0.6375000000000001,0.25,1.0,0.0,0.0,0.4
0.6666666666666666,0.3216518508824033,0.24375000000000002,0.375,0.6267605633802817,0.0,0.25,0.2
0.43137254901960786,0.29257734242079514,0.30000000000000004,0.25,0.915492957746479,0.0,1.0,0.8
0.5490196078431373,0.058612115049682376,0.375,0.375,0.7464788732394366,1.0,0.25,0.6000000000000001
0.823529411764706,0.3635320292758555,0.65,0.625,0.5422535211267606,0.0,0.5,0.8
0.1960784313725491,0.2257905387039293,0.7312500000000001,0.375,0.5528169014084507,0.0,0.25,0.6000000000000001
0.33333333333333337,0.8228045625232807,0.6000000000000001,0.125,0.4929577464788732,1.0,0.75,0.4
0.9019607843137255,0.6955129818485669,0.21875,0.625,0.19366197183098594,0.0,0.0,0.4
0.21568627450980393,0.353625756309712,0.38125000000000003,0.25,0.5035211267605634,0.0,0.5,0.6000000000000001
0.1568627450980392,0.9457067783471423,0.36875,0.625,0.7147887323943662,0.0,0.75,0.4
0.17647058823529416,0.6898651981757961,0.1375,0.125,0.39436619718309857,1.0,0.0,0.4
0.8431372549019608,0.42678519294077377,0.51875,0.875,0.573943661971831,1.0,0.75,0.6000000000000001
0.3137254901960784,0.0,0.30625,0.25,0.6514084507042254,1.0,0.25,0.2
0.607843137254902,0.9534586382901612,0.5875,0.625,0.3415492957746479,1.0,0.5,0.6000000000000001
0.11764705882352944,0.212400962438715,0.5375000000000001,0.375,0.41901408450704225,0.0,0.25,0.2
0.8823529411764707,0.16089639689522908,0.44375000000000003,0.5,0.3204225352112676,1.0,1.0,0.4
0.23529411764705888,0.6980801562452809,0.59375,0.625,0.3556338028169014,1.0,0.5,0.2
0.7647058823529412,0.9834291409529754,0.60625,0.0,0.27464788732394363,0.0,0.25,0.4
0.8039215686274509,0.7709073703073562,0.1875,0.5,0.3415492957746479,0.0,0.5,0.2
0.1568627450980392,0.6057323494176038,0.21250000000000002,0.75,0.75,1.0,0.25,0.2
0.9607843137254902,0.6119439047225941,0.6375000000000001,0.625,0.3380281690140845,1.0,0.5,0.6000000000000001
0.5098039215686275,0.664022309248875,0.44375000000000003,0.625,0.5211267605633804,1.0,0.5,0.2
0.019607843137254943,0.6449950166614652,0.58125,0.75,0.4119718309859155,1.0,0.0,0.4
0.07843137254901966,0.5488014819140047,0.36875,0.375,0.4507042253521127,0.0,0.25,0.6000000000000001
0.5490196078431373,0.5131731282278442,0.30000000000000004,0.25,0.7323943661971831,0.0,0.25,0.2
0.7058823529411765,0.4795884467084798,0.14375,0.875,0.6514084507042254,0.0,0.75,0.6000000000000001
0.7254901960784313,0.34037712295255257,0.65,0.375,0.5528169014084507,0.0,0.5,0.8
0.3529411764705882,0.435674663498807,0.5625,0.5,0.45774647887323944,1.0,0.25,0.6000000000000001
0.13725490196078433,0.15131227914749673,0.29375,0.5,0.2887323943661972,0.0,0.0,0.8
0.9215686274509803,0.47239029104710517,0.1375,0.25,0.841549295774648,0.0,0.25,0.8
0.8627450980392156,0.2931411140530147,0.70625,1.0,0.36619718309859156,0.0,1.0,0.6000000000000001
0.0,0.26998620772971177,0.36250000000000004,0.875,0.6161971830985916,0.0,0.5,0.4
0.4117647058823529,0.5284050296483475,0.14375,0.625,0.6866197183098592,0.0,0.5,0.4
1.0,0.5933897776122258,0.225,0.25,0.4014084507042253,0.0,0.0,0.4
0.3137254901960784,0.6770897302956781,0.7125,0.5,0.6830985915492959,0.0,0.5,0.0
0.11764705882352944,0.17596722070652665,0.375,0.5,0.6338028169014085,0.0,0.75,0.8
0.47058823529411764,0.29292969969093235,0.1375,0.5,0.8028169014084507,1.0,0.75,0.6000000000000001
0.8627450980392156,0.6816099707040097,0.63125,0.25,0.41901408450704225,0.0,0.25,0.4
0.05882352941176472,0.3739114677190404,0.38125000000000003,0.75,0.35915492957746475,0.0,0.0,0.4
0.6862745098039217,0.4469601634937734,0.2,0.25,0.4119718309859155,0.0,1.0,0.6000000000000001
0.09803921568627455,0.602943693308232,0.34375,0.0,0.5352112676056339,0.0,0.25,0.8
0.5882352941176471,0.2972183910360311,0.53125,0.625,0.5105633802816902,0.0,0.0,0.6000000000000001
0.3529411764705882,0.5134046772910773,0.46875,0.625,0.4295774647887324,1.0,0.0,0.0
0.8431372549019608,0.5811579466631767,0.34375,0.375,0.16549295774647887,1.0,0.25,0.0
0.7450980392156864,0.371102676908518,0.61875,0.5,0.5845070422535211,0.0,0.25,0.6000000000000001
0.5098039215686275,0.5565734765581741,0.6875,1.0,0.8485915492957747,0.0,0.5,0.8
0.17647058823529416,0.1714469802981949,0.65625,0.5,0.5809859154929577,0.0,0.5,0.4
0.4901960784313726,0.5808760608470669,0.5125,0.375,0.6056338028169015,1.0,0.75,0.0
0.3529411764705882,0.48823630085270464,0.43125,0.25,0.6021126760563381,0.0,0.5,0.0
0.7450980392156864,0.6034269261358488,0.71875,0.625,0.5704225352112676,0.0,0.0,0.8
0.03921568627450983,0.53727436550523,0.28125,0.125,0.6654929577464789,0.0,1.0,0.0
0.8627450980392156,0.7668502280254905,0.26875000000000004,0.625,0.5704225352112676,0.0,1.0,0.0
0.23529411764705888,0.5174014154694908,0.275,0.625,0.44366197183098594,0.0,0.25,0.8
0.9607843137254902,0.0,0.36250000000000004,0.625,0.35915492957746475,0.0,1.0,1.0
0.5294117647058824,0.5168074417855453,0.30000000000000004,0.5,0.45774647887323944,0.0,1.0,0.4
0.37254901960784315,0.6015745336299846,0.25625,0.25,0.5563380281690141,0.0,0.0,0.4
0.5294117647058824,0.5020285711409328,0.4625,0.375,0.44366197183098594,1.0,0.5,0.0
0.13725490196078433,0.5003573909454249,0.2375,0.375,0.5563380281690141,1.0,1.0,0.4
0.7843137254901961,0.35084716755091566,0.35,0.5,0.5774647887323944,0.0,0.25,0.6000000000000001
0.7450980392156864,0.3587097683502633,0.74375,0.375,0.647887323943662,1.0,0.5,0.0
0.0,0.20977338393854889,0.40625,0.375,0.7253521126760564,0.0,0.25,0.4
0.03921568627450983,0.8444594336108566,0.58125,0.5,0.5140845070422536,1.0,1.0,0.2
0.23529411764705888,0.24173722201528222,0.45625000000000004,0.5,0.27112676056338025,0.0,0.5,0.2
0.5294117647058824,0.35266935800505383,0.3125,0.5,0.4401408450704225,0.0,1.0,0.2
0.9411764705882354,0.3475350092116258,0.5,0.75,0.5070422535211269,0.0,0.0,0.2
0.47058823529411764,0.6723782102264146,0.7375,0.25,0.17605633802816903,0.0,0.5,0.2
0.6274509803921569,0.43280546858483254,0.325,0.125,0.7429577464788732,1.0,0.25,0.0
0.7254901960784313,0.7434134358860778,0.54375,0.375,0.5246478873239437,0.0,0.0,0.8
0.09803921568627455,0.3565855573788646,1.0,0.375,0.5669014084507042,0.0,0.75,1.0
0.8431372549019608,0.5483585184886893,0.30000000000000004,0.625,0.7394366197183099,0.0,0.25,0.0
0.8627450980392156,0.32399754356645966,0.4,0.25,0.3873239436619718,0.0,1.0,0.0
0.607843137254902,0.9241022440124432,0.61875,0.5,0.6021126760563381,0.0,0.25,0.6000000000000001
0.8627450980392156,0.2530730587631253,0.38125000000000003,0.5,0.48239436619718307,0.0,0.75,0.8
0.9019607843137255,0.5545700737936797,0.36250000000000004,0.5,0.46830985915492956,1.0,0.25,0.2
0.3921568627450981,0.6197964381713664,0.6375000000000001,0.5,0.3626760563380282,1.0,0.0,0.0
0.2941176470588236,0.5755000956398304,0.59375,0.25,0.7922535211267606,1.0,0.25,0.2
0.3921568627450981,0.4548831683965731,0.42500000000000004,1.0,0.43309859154929575,0.0,0.5,0.8
0.1960784313725491,0.46604786018463523,0.325,0.5,0.49647887323943657,1.0,0.75,1.0
0.7058823529411765,0.6138365666307597,0.48125,0.625,0.16901408450704228,0.0,0.25,0.4
0.6862745098039217,0.46258469158671517,0.75,0.375,0.7077464788732395,0.0,0.75,0.0
0.6666666666666666,0.6898249287734947,0.33125000000000004,0.75,0.6866197183098592,0.0,0.0,0.6000000000000001
0.3529411764705882,0.9372703385649999,0.275,0.25,0.517605633802817,1.0,0.5,0.2
0.37254901960784315,0.3799418107136745,0.36875,0.875,0.4612676056338028,1.0,1.0,0.0
0.33333333333333337,0.21637756591597787,0.3375,0.5,0.5352112676056339,1.0,0.25,0.6000000000000001
0.9019607843137255,0.5972254381814338,0.47500000000000003,0.375,0.4753521126760563,1.0,0.0,0.2
0.7843137254901961,1.0,0.30000000000000004,0.375,0.19014084507042256,1.0,0.75,0.8
0.9411764705882354,0.3303701764806556,0.35625,0.375,0.6373239436619719,1.0,0.75,0.4
0.2549019607843137,0.8222206561899105,0.16875,0.875,0.3380281690140845,0.0,0.0,0.6000000000000001
0.27450980392156865,0.8299926508340799,0.55,0.5,0.49647887323943657,0.0,0.25,0.2
0.5882352941176471,0.3807270640585517,0.35625,0.875,0.45774647887323944,0.0,1.0,0.0
0.0,0.606749151825714,0.47500000000000003,0.5,0.426056338028169,0.0,0.25,0.2
0.03921568627450983,0.8200561758162104,0.53125,0.75,0.49647887323943657,0.0,0.5,0.0
0.2941176470588236,0.4158520502159447,0.53125,0.875,0.2992957746478873,0.0,0.25,0.4
0.43137254901960786,0.37894514300671495,0.41875,0.25,0.6795774647887325,0.0,0.5,0.4
0.1960784313725491,0.3750692130352055,0.25,0.375,0.18309859154929578,1.0,0.75,0.2
0.21568627450980393,0.28786582235153174,0.24375000000000002,0.625,0.5950704225352114,1.0,0.5,0.2
0.17647058823529416,0.3614581550573336,0.30625,0.375,0.44366197183098594,0.0,1.0,0.0
0.607843137254902,0.24575409489484654,0.5875,0.375,0.6091549295774649,0.0,0.0,0.0
0.2941176470588236,0.49904863537062955,0.5,0.625,0.5352112676056339,0.0,0.5,0.6000000000000001
0.13725490196078433,0.3371555707684409,0.2375,0.125,0.22535211267605634,0.0,0.5,0.6000000000000001
0.7254901960784313,0.5392576335685737,0.7000000000000001,0.375,0.5070422535211269,1.0,0.5,0.6000000000000001
0.21568627450980393,0.17891695442510394,0.34375,0.125,0.25,0.0,0.75,0.2
0.4509803921568628,0.5588084283859016,0.39375,0.875,0.5809859154929577,0.0,0.5,1.0
0.5294117647058824,0.660015503719886,0.71875,0.75,0.3380281690140845,1.0,1.0,0.2
0.13725490196078433,0.09075716543677201,0.69375,0.125,0.41901408450704225,1.0,0.5,0.4
0.5294117647058824,0.5675066192830033,0.19375,0.5,0.5528169014084507,0.0,1.0,0.8
0.6862745098039217,0.7393764283053629,0.43125,0.625,0.3626760563380282,1.0,0.25,0.4
0.5294117647058824,0.24863335715939636,0.36250000000000004,0.75,0.4894366197183098,0.0,0.75,0.2
0.13725490196078433,1.0,0.525,0.75,0.2323943661971831,0.0,0.0,0.2
0.9607843137254902,0.5765571674502421,0.55625,0.75,0.6126760563380282,0.0,0.25,0.8
0.5294117647058824,0.35023305916581937,0.175,0.625,0.5281690140845071,0.0,0.25,0.0
0.5294117647058824,0.48095760638672724,0.3375,0.5,0.9929577464788732,0.0,0.0,0.0
0.7058823529411765,0.6046048061531646,0.42500000000000004,0.5,0.3767605633802817,0.0,0.5,1.0
0.7843137254901961,0.5074951425033474,0.47500000000000003,0.875,0.6373239436619719,0.0,0.5,0.6000000000000001
0.6862745098039217,0.6006684720782032,0.6000000000000001,0.75,0.18661971830985916,1.0,0.25,0.0
0.5098039215686275,0.30681257613433877,0.53125,0.375,0.7640845070422536,0.0,0.75,1.0
0.3137254901960784,0.526290886027524,0.31875,0.5,0.6373239436619719,0.0,0.25,0.6000000000000001
0.6470588235294118,0.20753843211082137,0.15,0.875,0.4154929577464789,1.0,1.0,0.0
0.6274509803921569,0.46979291459866507,0.4375,0.5,0.7183098591549296,0.0,0.0,0.0
0.37254901960784315,0.3101851385770807,0.55625,0.125,0.45422535211267606,1.0,0.25,0.8
0.23529411764705888,0.3440919753148564,0.3125,0.25,0.41901408450704225,0.0,0.5,0.8
0.5294117647058824,0.7410677432020215,0.675,0.75,0.5845070422535211,0.0,0.0,0.6000000000000001
0.9215686274509803,0.7119227632863859,0.49375,0.25,0.45774647887323944,0.0,1.0,0.8
0.5490196078431373,0.6148332343377193,0.54375,0.375,0.6795774647887325,0.0,0.25,0.6000000000000001
0.23529411764705888,0.27225136160916535,0.59375,0.0,0.3133802816901408,0.0,0.25,0.2
0.8823529411764707,0.42847650783743246,0.40625,0.5,0.3169014084507042,0.0,0.25,0.6000000000000001
0.6666666666666666,0.736436761937361,0.15,0.25,0.3415492957746479,0.0,0.25,0.6000000000000001
0.09803921568627455,0.5207236411593561,0.2875,0.5,0.6338028169014085,0.0,0.25,0.8
0.7647058823529412,0.9591768934169594,0.29375,0.5,0.3908450704225352,0.0,1.0,0.2
0.9803921568627451,0.5713825492545127,0.41250000000000003,0.125,0.2640845070422535,0.0,1.0,0.4
0.07843137254901966,0.5308513958381572,0.525,0.75,0.39436619718309857,1.0,0.0,0.4
0.9019607843137255,0.4299463410214334,0.69375,0.125,0.4929577464788732,0.0,0.5,0.4
0.47058823529411764,0.5190725956649989,0.44375000000000003,0.375,0.5704225352112676,0.0,1.0,0.2
0.019607843137254943,0.46148735037400207,0.4375,0.5,0.29577464788732394,0.0,0.0,0.0
0.17647058823529416,0.6347665884769105,0.1625,0.375,0.8732394366197184,1.0,0.25,0.2
0.5686274509803921,0.6848214555375461,0.49375,0.375,0.3485915492957746,0.0,0.0,0.8
0.9607843137254902,0.3339340185843292,0.21875,0.5,0.44366197183098594,1.0,0.0,0.6000000000000001
0.8627450980392156,0.22414956056014737,0.3125,0.375,0.43661971830985913,0.0,0.0,0.6000000000000001
0.07843137254901966,0.12246931974912163,0.3875,0.625,0.426056338028169,0.0,0.0,0.8
0.6274509803921569,0.7088824234126304,0.35625,0.5,0.6091549295774649,0.0,1.0,0.8
0.0,0.27002647713201317,0.3875,0.75,0.6654929577464789,1.0,0.5,0.6000000000000001
0.33333333333333337,0.058712788555435866,0.34375,0.625,0.5352112676056339,0.0,0.0,0.0
0.607843137254902,0.5704261509498545,0.6687500000000001,0.625,0.28169014084507044,0.0,0.0,0.0
0.9019607843137255,0.9941408019651468,0.1625,0.875,0.7253521126760564,0.0,0.25,0.0
0.9411764705882354,0.4909645528586242,0.55,0.5,0.48239436619718307,0.0,0.25,0.8
0.1960784313725491,0.6610121714268455,0.2375,0.125,0.8063380281690141,0.0,0.25,0.6000000000000001
0.3921568627450981,0.5086629551700879,0.58125,0.375,0.10563380281690142,0.0,0.25,1.0
0.4901960784313726,0.47227955019077633,0.30625,0.625,0.5352112676056339,0.0,0.25,0.6000000000000001
0.47058823529411764,0.6772407405543083,0.60625,0.25,0.8380281690140846,0.0,0.0,0.2
0.4117647058823529,0.43374173218834,0.49375,0.25,0.43661971830985913,0.0,0.5,1.0
0.5098039215686275,0.5460228931552084,0.41875,0.5,0.4612676056338028,1.0,0.75,0.4
0.9411764705882354,0.5569560358800374,0.23125,0.5,0.5528169014084507,1.0,1.0,0.2
0.23529411764705888,0.3576728312410023,0.7250000000000001,0.625,0.4014084507042253,0.0,0.75,0.0
0.6274509803921569,0.6919290050437426,0.45625000000000004,0.125,0.44366197183098594,0.0,1.0,0.0
0.6470588235294118,0.456957042615095,0.55,0.5,0.4401408450704225,1.0,1.0,0.0
0.7843137254901961,0.34002476568241535,0.55625,0.375,0.3908450704225352,0.0,0.75,0.0
0.6666666666666666,0.6002154413023124,0.35625,0.25,0.7147887323943662,0.0,0.0,0.4
0.0,0.31128247978979373,0.43125,0.375,0.5809859154929577,1.0,0.25,0.0
0.3921568627450981,0.49786068800273836,0.20625,0.125,0.545774647887324,0.0,0.0,0.8
0.9215686274509803,0.4903504444735279,0.3375,0.625,0.6408450704225352,0.0,0.25,0.8
0.09803921568627455,0.7108254220736728,0.6625,0.875,0.45422535211267606,1.0,0.5,0.8
0.5294117647058824,0.5877621286406056,0.45625000000000004,0.5,0.3626760563380282,0.0,0.5,0.2
0.3137254901960784,0.4871490269905669,0.6687500000000001,0.625,0.39436619718309857,1.0,0.75,0.6000000000000001
0.07843137254901966,0.656844288288651,0.44375000000000003,0.5,0.49999999999999994,1.0,0.5,0.4
0.5882352941176471,0.7721053850258227,0.14375,0.5,0.3133802816901408,1.0,0.25,0.8
0.07843137254901966,0.6045041326474111,0.3875,0.625,0.4119718309859155,0.0,0.0,0.8
0.7254901960784313,0.4942767111979141,0.7375,0.375,0.4084507042253521,0.0,0.75,0.0
0.03921568627450983,0.22805569258338282,0.325,0.375,0.8732394366197184,0.0,1.0,0.8
0.43137254901960786,0.2777280003221552,0.44375000000000003,0.5,0.010563380281690144,0.0,0.5,0.0
0.7058823529411765,0.43073159436631064,0.65625,0.5,0.46830985915492956,0.0,1.0,1.0
0.7058823529411765,0.3694616987647361,0.41250000000000003,0.375,0.8028169014084507,0.0,0.25,0.6000000000000001
0.17647058823529416,0.45454087847701125,0.25625,0.375,0.5211267605633804,0.0,1.0,0.2
0.17647058823529416,0.503589010480112,0.4375,0.75,0.6338028169014085,0.0,0.0,0.0
0.3529411764705882,0.5988362142734897,0.19375,0.5,0.517605633802817,0.0,0.5,0.0
0.3137254901960784,0.4779978053175746,0.55,0.375,0.38380281690140844,1.0,0.5,0.6000000000000001
0.3921568627450981,0.5901480907269634,0.13125,0.25,0.10563380281690142,1.0,0.0,0.0
0.2549019607843137,0.5051695845204417,0.51875,0.625,0.5352112676056339,1.0,1.0,0.4
0.1568627450980392,0.09443174839677443,0.51875,0.625,0.3626760563380282,0.0,0.0,0.2
0.8823529411764707,0.3030574543697335,0.275,0.625,0.35915492957746475,1.0,0.75,0.4
0.0,0.46317866527066076,0.74375,0.375,0.4119718309859155,1.0,0.0,0.8
0.9803921568627451,0.248623289808821,0.20625,0.75,0.8063380281690141,0.0,1.0,0.2
0.8627450980392156,0.6129808418318551,0.7375,0.625,0.9225352112676057,0.0,0.0,0.8
0.23529411764705888,0.800404707493129,0.19375,0.625,0.5387323943661972,0.0,0.25,0.0
0.05882352941176472,0.7375844399029508,0.75,0.125,0.41901408450704225,0.0,0.0,0.6000000000000001
0.0,0.44921525002265156,0.44375000000000003,0.625,0.29225352112676056,0.0,0.0,0.4
0.9411764705882354,0.7923407596822744,0.23125,0.375,0.5809859154929577,0.0,1.0,0.8
0.7647058823529412,0.5221230028893296,0.74375,0.75,0.8133802816901409,1.0,0.75,0.0
0.607843137254902,0.42431869204981326,0.6375000000000001,0.875,0.45774647887323944,0.0,0.75,0.4
0.6470588235294118,0.3686764454198589,0.6625,0.625,0.08098591549295775,0.0,1.0,0.4
0.5294117647058824,0.43128529864795484,0.275,0.25,0.619718309859155,1.0,1.0,0.8
0.5882352941176471,0.4140298597618065,0.24375000000000002,0.375,0.6725352112676057,0.0,1.0,0.0
0.13725490196078433,0.5265023003896064,0.35625,0.5,0.22183098591549297,1.0,0.25,0.6000000000000001
0.7450980392156864,0.5245190323262626,0.65625,0.25,0.5316901408450705,0.0,0.5,0.8
0.4901960784313726,0.49279681066333775,0.175,0.5,0.5281690140845071,1.0,0.0,0.4
0.6470588235294118,0.580161278956217,0.30000000000000004,0.875,0.48591549295774644,0.0,1.0,0.4
0.03921568627450983,0.7319165215290292,0.15625,0.875,0.35915492957746475,0.0,1.0,0.2
0.9607843137254902,0.6833818244052713,0.23125,0.5,0.6795774647887325,0.0,1.0,0.0
0.21568627450980393,0.19321259224209963,0.35,0.5,0.4295774647887324,1.0,0.75,0.2
0.0,0.0,0.24375000000000002,0.875,0.2394366197183099,1.0,1.0,0.6000000000000001
0.8431372549019608,0.6803112824797898,0.525,0.25,0.14084507042253522,0.0,0.0,1.0
0.07843137254901966,0.2169715395999235,0.69375,0.375,0.721830985915493,1.0,1.0,0.4
0.5686274509803921,0.44692996144204733,0.7375,0.25,0.6091549295774649,0.0,0.0,0.0
0.5686274509803921,0.25658656411392217,0.19375,0.75,0.5140845070422536,0.0,0.25,0.4
0.3137254901960784,0.12936545489323573,0.4625,0.375,0.4225352112676056,1.0,0.5,0.2
0.9215686274509803,0.601212109009272,0.40625,0.375,0.4084507042253521,0.0,0.75,0.2
0.9019607843137255,0.6450453534143419,0.41875,0.5,0.30985915492957744,0.0,0.0,0.8
0.43137254901960786,0.3761061501444665,0.2,0.625,0.4225352112676056,1.0,0.25,0.0
0.27450980392156865,0.0,0.25625,0.5,0.12676056338028172,1.0,0.5,0.0
0.7058823529411765,0.38220696459312803,0.19375,0.375,0.36971830985915494,1.0,0.5,0.8
0.3921568627450981,0.5710805287372522,0.7000000000000001,0.625,0.44366197183098594,1.0,0.5,0.2
0.2549019607843137,0.19441060696056617,0.15625,0.5,0.6056338028169015,0.0,0.0,0.2
0.019607843137254943,0.5291097441886219,0.63125,0.375,0.4929577464788732,1.0,0.25,0.2
0.1960784313725491,0.4891020930021846,0.47500000000000003,0.125,0.6408450704225352,0.0,1.0,0.4
0.9803921568627451,0.6088230260442359,0.25,0.5,0.7359154929577465,1.0,0.25,0.6000000000000001
0.7450980392156864,0.5162638048544764,0.38125000000000003,0.25,0.6866197183098592,0.0,0.25,1.0
0.7254901960784313,0.2962619927313729,0.41250000000000003,0.25,0.5845070422535211,0.0,0.25,0.6000000000000001
0.6470588235294118,0.7331145362474957,0.2,0.5,0.5035211267605634,0.0,0.0,0.6000000000000001
0.7254901960784313,0.46026920095438484,0.5625,0.375,0.3274647887323944,0.0,0.0,0.0
0.9607843137254902,0.48668592886410084,0.23125,0.25,0.6302816901408451,0.0,0.0,0.8
0.6470588235294118,0.30427560378935076,0.24375000000000002,0.375,0.795774647887324,1.0,0.25,0.4
0.33333333333333337,0.40293563942777183,0.2875,0.125,0.5598591549295775,1.0,0.0,0.6000000000000001
0.5686274509803921,0.314030866496864,0.42500000000000004,0.625,0.8380281690140846,0.0,0.5,0.4
0.27450980392156865,0.4573698039886843,0.45,0.75,0.2323943661971831,1.0,0.0,1.0
0.5098039215686275,0.8368384492253174,0.7250000000000001,0.25,0.29577464788732394,0.0,0.75,0.2
0.9803921568627451,0.2159547371918132,0.5625,0.5,0.6514084507042254,0.0,0.0,0.6000000000000001
0.6470588235294118,0.1672992318611511,0.46875,0.375,0.545774647887324,0.0,0.0,0.8
1.0,0.7884044256073129,0.75,0.625,0.7323943661971831,1.0,0.0,0.0
0.7254901960784313,0.4500407727698302,0.36875,0.625,0.49647887323943657,1.0,0.0,0.4
0.6274509803921569,0.3574714842294953,0.33125000000000004,0.125,0.3485915492957746,0.0,0.75,0.2
0.4509803921568628,0.701573526894927,0.5125,0.125,0.4612676056338028,0.0,1.0,0.4
0.27450980392156865,0.37024695210961334,0.675,0.5,0.22887323943661972,0.0,0.0,0.8
0.5686274509803921,0.8598524126405653,0.26875000000000004,0.125,0.3028169014084507,0.0,0.5,0.6000000000000001
0.8039215686274509,0.6286859087293997,0.21875,0.75,0.6725352112676057,0.0,0.75,0.8
0.9803921568627451,0.3939454953639851,0.29375,0.375,0.6549295774647887,0.0,1.0,0.4
0.3137254901960784,0.9265586775528284,0.59375,0.5,0.5633802816901409,0.0,0.0,0.4
0.823529411764706,0.37022681740846264,0.525,0.75,0.1971830985915493,1.0,1.0,0.8
0.5490196078431373,0.6416023195175725,0.63125,0.5,0.43661971830985913,0.0,0.5,0.8
0.05882352941176472,0.552445862822281,0.44375000000000003,0.75,0.2852112676056338,0.0,0.75,0.8
0.17647058823529416,0.7542861745074548,0.45625000000000004,0.0,0.7077464788732395,0.0,0.25,0.2
0.6862745098039217,0.8065961280969687,0.6125,0.25,0.39788732394366194,1.0,1.0,0.4
0.17647058823529416,0.4986358739970402,0.69375,0.375,0.30985915492957744,1.0,0.0,0.0
0.3137254901960784,0.34048786380888146,0.6375000000000001,1.0,0.5035211267605634,0.0,0.25,0.2
0.37254901960784315,0.584802327571453,0.7000000000000001,0.375,0.3873239436619718,1.0,0.75,0.2
0.4509803921568628,0.35572983257995994,0.44375000000000003,0.5,0.7605633802816902,1.0,0.25,0.2
0.07843137254901966,0.8975747752463984,0.41875,0.625,0.36971830985915494,0.0,0.75,0.0
0.6470588235294118,0.5196766366995198,0.15,0.625,0.2535211267605634,0.0,0.0,0.8
0.09803921568627455,0.41863063897474107,0.16875,0.25,0.11971830985915492,0.0,0.0,0.4
0.019607843137254943,0.529371495303581,0.34375,0.25,0.4929577464788732,0.0,0.75,0.6000000000000001
0.23529411764705888,0.22094814307718635,0.42500000000000004,0.5,0.4014084507042253,1.0,1.0,0.6000000000000001
0.823529411764706,0.296553945898058,0.58125,0.75,0.25,1.0,0.0,0.4
0.823529411764706,0.7338897222417976,0.575,0.625,0.7077464788732395,0.0,0.0,0.0
0.9215686274509803,0.35992791776988053,0.40625,0.625,0.6161971830985916,0.0,0.5,0.6000000000000001
0.5294117647058824,0.2813925159315823,0.63125,0.375,0.49647887323943657,0.0,0.0,0.2
0.9803921568627451,0.6002456433540385,0.63125,0.75,0.7394366197183099,0.0,0.5,0.6000000000000001
0.9019607843137255,0.730929921172645,0.7312500000000001,0.375,0.6161971830985916,0.0,0.0,0.4
0.43137254901960786,0.5760840019732006,0.7250000000000001,0.875,0.49999999999999994,1.0,0.0,0.2
0.2941176470588236,0.6927343930897706,0.575,0.625,0.3169014084507042,1.0,1.0,0.6000000000000001
0.5882352941176471,0.339813351320333,0.30000000000000004,0.5,0.6443661971830986,0.0,1.0,0.4
0.1960784313725491,0.20590752131761483,0.51875,0.375,0.5704225352112676,1.0,0.5,0.0
0.2941176470588236,0.7944750380042483,0.36250000000000004,0.5,0.5281690140845071,0.0,0.75,0.4
0.13725490196078433,0.4272180890155138,0.54375,0.125,0.352112676056338,0.0,0.75,0.0
0.05882352941176472,0.44168487179229043,0.49375,0.25,0.5281690140845071,0.0,0.0,0.2
0.7647058823529412,0.2419385690267892,0.55625,0.75,0.36619718309859156,0.0,0.75,0.4
0.05882352941176472,0.6041819774289999,0.20625,0.5,0.48239436619718307,1.0,0.0,0.8
0.47058823529411764,0.5839768048242744,0.41875,0.625,0.7535211267605635,0.0,1.0,0.8
0.03921568627450983,0.9281090495414321,0.5062500000000001,0.75,0.38380281690140844,0.0,0.25,0.8
0.607843137254902,0.3626159003734987,0.31875,0.125,0.22183098591549297,0.0,0.5,0.8
0.03921568627450983,0.6790025269049944,0.625,0.75,0.3133802816901408,1.0,0.75,0.8
0.5098039215686275,0.5036695492847147,0.47500000000000003,0.5,0.6760563380281691,0.0,0.5,0.0
0.5490196078431373,0.5462645095690167,0.47500000000000003,0.5,0.545774647887324,1.0,0.25,0.4
0.607843137254902,0.7999416093666629,0.70625,0.75,0.4788732394366197,1.0,0.75,0.2
0.9607843137254902,0.5944367820720621,0.6625,0.625,0.4119718309859155,0.0,0.0,0.8
0.9803921568627451,0.6005677985724497,0.39375,0.5,0.5845070422535211,0.0,0.0,0.8
0.3529411764705882,0.7081374394700546,0.54375,0.0,0.352112676056338,1.0,0.25,0.2
0.3921568627450981,0.4187011104287685,0.4625,0.75,0.5528169014084507,0.0,0.25,0.2
0.07843137254901966,0.32321229022158243,0.1875,0.5,0.36971830985915494,1.0,0.25,0.8
0.33333333333333337,0.281815344655747,0.3875,0.5,0.3415492957746479,0.0,0.0,0.0
0.5294117647058824,0.09626400620148796,0.525,0.625,0.3873239436619718,0.0,0.25,0.2
0.8039215686274509,0.9062024946894726,0.25625,0.875,0.43309859154929575,1.0,0.25,0.4
0.4117647058823529,0.2700566791837392,0.625,0.375,0.4929577464788732,1.0,0.0,0.4
0.3921568627450981,0.44763467598232176,0.6000000000000001,0.625,0.5422535211267606,1.0,1.0,0.0
0.09803921568627455,0.43644984949310894,0.5375000000000001,0.375,0.0,0.0,0.75,0.6000000000000001
0.0,0.554086840966063,0.38125000000000003,0.0,0.4507042253521127,1.0,0.5,0.0
0.07843137254901966,0.6564315269150617,0.275,0.25,0.4295774647887324,1.0,0.0,0.8
0.7843137254901961,0.6654418056799991,0.34375,0.375,0.7640845070422536,1.0,0.0,0.6000000000000001
0.21568627450980393,0.37478732721909574,0.47500000000000003,0.5,0.30985915492957744,0.0,0.5,0.8
0.4901960784313726,0.4585376166554248,0.3125,0.375,0.5281690140845071,0.0,0.5,0.4
0.8823529411764707,0.5490833677301145,0.48125,0.5,0.7640845070422536,1.0,0.25,0.2
0.6470588235294118,0.44211776786703044,0.7125,0.125,0.2676056338028169,0.0,0.5,0.8
0.9411764705882354,0.8158178212239885,0.41875,0.125,0.5704225352112676,0.0,0.75,0.4
0.2549019607843137,0.5910440849281694,0.4625,0.5,0.35915492957746475,0.0,0.75,0.0
0.4901960784313726,0.6401526210347223,0.24375000000000002,0.5,0.4119718309859155,0.0,0.75,0.8
0.8627450980392156,0.6256556362062196,0.175,0.5,0.35915492957746475,0.0,0.75,0.4
0.5098039215686275,0.7284634202816844,0.2875,0.625,0.36971830985915494,0.0,0.75,0.2
0.1568627450980392,0.5286365787115804,0.5687500000000001,0.375,0.9788732394366197,1.0,0.25,0.8
0.5882352941176471,0.23107589775598755,0.3125,1.0,0.647887323943662,0.0,0.0,0.4
0.9019607843137255,0.572661102777582,0.16875,0.75,0.693661971830986,0.0,0.5,0.8
0.4117647058823529,0.3610353263331689,0.54375,0.125,0.5880281690140846,0.0,0.0,0.2
0.9019607843137255,0.38575067199565094,0.53125,0.25,0.45774647887323944,0.0,0.5,0.8
0.5686274509803921,0.6102525898259354,0.35,0.375,0.5704225352112676,0.0,0.25,0.8
0.823529411764706,0.7415107066273369,0.28125,0.625,0.6901408450704226,1.0,0.25,0.4
0.4509803921568628,0.4964713936233402,0.35625,0.75,0.3485915492957746,0.0,1.0,0.6000000000000001
0.3137254901960784,0.5543687267821727,0.13125,0.625,0.6690140845070424,1.0,1.0,0.8
0.4901960784313726,0.834925652616001,0.21875,0.5,0.6232394366197184,0.0,0.25,1.0
0.6862745098039217,0.5406670626491226,0.35625,0.5,0.8274647887323944,0.0,0.25,0.0
0.0,1.0,0.20625,0.25,0.426056338028169,0.0,0.5,0.8
0.13725490196078433,0.606054504636015,0.175,0.25,0.30633802816901406,0.0,0.25,0.6000000000000001
0.9411764705882354,0.13766095176732338,0.15625,0.25,0.43661971830985913,1.0,0.0,0.0
0.6666666666666666,0.6438674733970261,0.5,0.25,0.7535211267605635,1.0,0.5,0.4
1.0,0.5689361830647028,0.58125,0.875,0.1795774647887324,0.0,0.25,0.8
0.27450980392156865,0.7518800777199464,0.13125,0.875,0.13732394366197184,0.0,0.5,0.4
0.9019607843137255,0.6277295104247415,0.35,0.625,0.5140845070422536,0.0,0.5,0.0
0.4117647058823529,0.46430620853509985,0.34375,0.5,0.4225352112676056,0.0,0.75,0.4
0.2549019607843137,0.2456836234408191,0.5375000000000001,0.25,0.49999999999999994,1.0,1.0,0.4
0.4901960784313726,0.45010117687328227,0.51875,0.25,0.6654929577464789,0.0,0.5,0.2
0.5294117647058824,0.3209370689915535,0.26875000000000004,0.625,0.4014084507042253,1.0,0.5,0.0
0.43137254901960786,0.3753007620984386,0.18125,0.5,0.16901408450704228,0.0,0.75,0.4
0.2549019607843137,0.6106955532512508,0.3375,0.375,0.8591549295774649,0.0,0.5,0.6000000000000001
0.4509803921568628,0.8284221441443255,0.41250000000000003,0.625,0.323943661971831,0.0,0.5,0.0
0.019607843137254943,0.5716543677200471,0.6125,0.25,0.3133802816901408,0.0,0.75,0.2
0.8627450980392156,0.25140187856761737,0.15,1.0,0.693661971830986,1.0,0.0,0.8
0.4901960784313726,0.5817116509448208,0.6625,0.0,0.43309859154929575,0.0,0.75,1.0
0.2549019607843137,0.7331246035980711,0.71875,0.625,0.4894366197183098,1.0,1.0,0.6000000000000001
0.9803921568627451,0.36941136201185937,0.59375,0.875,0.5211267605633804,0.0,1.0,0.2
0.11764705882352944,0.4652022027363059,0.74375,0.625,0.6901408450704226,1.0,0.25,0.0
0.03921568627450983,0.4069525123073361,0.575,0.0,0.4401408450704225,0.0,0.25,0.4
0.9019607843137255,0.3341555002969869,0.14375,0.375,0.767605633802817,1.0,0.5,0.2
0.43137254901960786,0.6227159698382176,0.21250000000000002,0.25,0.1232394366197183,1.0,1.0,0.2
0.8823529411764707,0.0,0.5,0.25,0.6338028169014085,1.0,0.5,0.6000000000000001
0.607843137254902,0.5766578409559956,0.60625,0.5,0.352112676056338,0.0,1.0,0.8
0.9019607843137255,0.3134972969163705,0.40625,0.5,0.7429577464788732,1.0,0.25,0.8
0.8627450980392156,0.4041034520945123,0.7250000000000001,0.5,0.5246478873239437,0.0,1.0,0.8
0.33333333333333337,0.637635783390885,0.3375,0.375,0.38028169014084506,0.0,0.25,0.0
0.6666666666666666,0.41712053638843866,0.40625,0.25,0.39788732394366194,0.0,0.0,0.2
